VLP|99XX|2025|20240715|||||||||||||||||||||
BLB|700000001|800000001|||||||1|3|3|2|3|2|0|1|3|3|1|3||||
BRD|700000001|800000001|99XX|99XX000012023|J|pi|HOOG|34001|HBO-BA|B|20230901|20240831|J|S|VT|20230915|12|TECHNIEK|BEKOSTIGD|N|B|N|J|J
BLB|700000002|800000002|||||||1|0|2|3|2|0|2|0|2|0|0|3||||
BRD|700000002|800000002|99XX|99XX000022022|N|mv|LAAG|34003|HBO-AD|A|20220901|20230831|J|S|VT|20220915|12|ECONOMIE|BEKOSTIGD|N|D|N|J|J
BLB|700000003|800000003|||||||3|0|2|1|1|1|0|-1|2|2|3|3||||
BRD|700000003|800000003|99XX|99XX000032023|N|ng|LAAG|34002|HBO-BA|B|20230901|20240831|J|S|VT|20230915|12|ECONOMIE|BEKOSTIGD|N|B|N|J|J
BLB|700000004|800000004|||||||0|0|3|0|3|-1|0|0|2|2|0|0||||
BRD|700000004|800000004|99XX|99XX000042023|N|jl|LAAG|34002|HBO-BA|B|20230901|20240831|N|S|VT|20230915|12|ECONOMIE|BEKOSTIGD|N|B|N|J|J
BRD|700000004|800000004|71AA|71AA000042022|N|mv|LAAG|34002|HBO-BA|B|20220901|20230831|J|S|VT|20220915|12|ECONOMIE|BEKOSTIGD|N|B|N|J|J
BLB|700000005|800000005|||||||1|1|1|2|1|1|3|-1|3|3|3|2||||
BRD|700000005|800000005|99XX|99XX000052023|J|pi|HOOG|34001|HBO-BA|B|20230901|20240831|J|S|VT|20230915|12|TECHNIEK|BEKOSTIGD|N|B|N|J|J
BLB|700000006|800000006|||||||2|1|1|0|1|3|0|1|0|2|2|1||||
BRD|700000006|800000006|99XX|99XX000062023|J|pi|LAAG|56001|WO-BA|B|20230901|20240831|J|S|VT|20230915|12|RECHT|BEKOSTIGD|N|B|N|J|J
BLB|700000007|800000007|||||||1|2|0|2|1|2|2|3|3|3|0|3||||
BRD|700000007|800000007|99XX|99XX000072023|N|jl|HOOG|34001|HBO-BA|B|20230901|20240831|N|S|DT|20230915|12|TECHNIEK|BEKOSTIGD|N|B|N|J|J
BLB|700000008|800000008|||20230625||||0|3|1|0|3|1|2|0|0|0|3|1||||
BRD|700000008|800000008|99XX|99XX000082023|N|nf|LAAG|56001|WO-BA|B|20230901|20240831|J|S|VT|20230915|12|RECHT|BEKOSTIGD|N|B|N|J|J
BRR|700000008|800000008|99XX|R000082023|J|pg|LAAG|1|56001|WO-BA|B|J|20230625|VT|20230715|RECHT|BEKOSTIGD|N|B|N|J|J|J|
BLB|700000009|800000009|||||||0|3|3|3|1|3|1|2|3|1|2|2||||
BRD|700000009|800000009|99XX|99XX000092022|N|mv|LAAG|34006|HBO-BA|B|20220901|20230831|J|S|VT|20220915|12|TAAL_EN_CULTUUR|BEKOSTIGD|N|B|N|J|J
BRR|700000009|800000009|99XX|R000092023|N|mt|LAAG|1|34006|HBO-BA|B|J|20231101|VT|20230715|TAAL_EN_CULTUUR|BEKOSTIGD|N|B|N|J|J|J|
BLB|700000010|800000010|||||||1|3|0|3|2|-1|3|3|0|0|3|1||||
BRD|700000010|800000010|99XX|99XX000102023|N|na|LAAG|34006|HBO-BA|B|20230901|20240831|J|S|DT|20230915|12|TAAL_EN_CULTUUR|BEKOSTIGD|N|B|N|J|N
BLB|700000011|800000011|||||||2|2|3|3|2|0|2|0|2|3|0|3||||
BRD|700000011|800000011|99XX|99XX000112023|J|pi|HOOG|34001|HBO-BA|B|20230901|20240831|J|S|VT|20230915|12|TECHNIEK|BEKOSTIGD|N|B|N|J|J
BLB|700000013|800000013|||20230625||||-1|2|2|1|2|0|3|0|3|3|1|1||||
BRD|700000013|800000013|99XX|99XX000132023|J|pi|LAAG|34006|HBO-BA|B|20230901|20240831|J|S|VT|20230915|12|TAAL_EN_CULTUUR|BEKOSTIGD|N|B|N|J|J
BRR|700000013|800000013|99XX|R000132023|J|pg|LAAG|1|34006|HBO-BA|B|J|20230625|VT|20230715|TAAL_EN_CULTUUR|BEKOSTIGD|N|B|N|J|J|J|
BLB|700000014|800000014|||||||0|3|2|3|3|0|2|1|1|0|3|2||||
BRD|700000014|800000014|99XX|99XX000142023|J|pi|HOOG|34001|HBO-BA|B|20230901|20240831|J|S|VT|20230915|12|TECHNIEK|BEKOSTIGD|N|B|N|J|J
BLB|700000015|800000015|||||||2|3|1|0|1|2|0|1|0|0|0|3||||
BRD|700000015|800000015|99XX|99XX000152022|N|mv|LAAG|34002|HBO-BA|B|20220901|20230831|J|S|DT|20220915|12|ECONOMIE|BEKOSTIGD|N|B|N|J|J
BLB|700000016|800000016|||20230625||||3|2|2|1|2|3|-1|0|3|0|2|1||||
BRD|700000016|800000016|99XX|99XX000162022|N|mv|LAAG|56001|WO-BA|B|20220901|20230831|J|S|VT|20220915|12|RECHT|BEKOSTIGD|N|B|N|J|J
BRR|700000016|800000016|99XX|R000162023|J|pg|LAAG|1|56001|WO-BA|B|J|20230625|VT|20230715|RECHT|BEKOSTIGD|N|B|N|J|J|J|
BLB|700000017|800000017|||20230625||||3|3|3|2|3|0|-1|1|2|3|2|2||||
BRD|700000017|800000017|99XX|99XX000172023|N|ng|LAAG|34006|HBO-BA|B|20230901|20240831|J|S|VT|20230915|12|TAAL_EN_CULTUUR|BEKOSTIGD|N|B|N|J|J
BRR|700000017|800000017|99XX|R000172023|J|pg|LAAG|1|34006|HBO-BA|B|J|20230625|VT|20230715|TAAL_EN_CULTUUR|BEKOSTIGD|N|B|N|J|J|J|
BLB|700000018|800000018|||||||2|0|3|1|0|1|2|2|2|2|3|1||||
BRD|700000018|800000018|99XX|99XX000182023|J|pi|LAAG|34005|HBO-BA|B|20230901|20240831|J|S|VT|20230915|12|ONDERWIJS|BEKOSTIGD|N|B|N|J|J
BLB|700000019|800000019|||||||1|3|1|0|2|3|0|3|-1|2|3|1||||
BRD|700000019|800000019|99XX|99XX000192023|N|nf|LAAG|34002|HBO-BA|B|20230901|20240831|J|S|VT|20230915|12|ECONOMIE|BEKOSTIGD|N|B|N|J|J
BLB|700000020|800000020|||20230625||||-1|3|2|0|2|3|3|1|3|2|3|0||||
BRD|700000020|800000020|99XX|99XX000202023|N|na|HOOG|34004|HBO-MA|M|20230901|20240831|J|S|VT|20230915|12|GEZONDHEIDSZORG|BEKOSTIGD|N|M|N|J|N
BRR|700000020|800000020|99XX|R000202023|J|pg|HOOG|1|34004|HBO-MA|M|J|20230625|VT|20230715|GEZONDHEIDSZORG|BEKOSTIGD|N|M|N|J|J|J|
BLB|700000021|800000021|||||||1|1|3|1|2|0|0|2|2|1|1|0||||
BRD|700000021|800000021|99XX|99XX000212023|J|pi|HOOG|34004|HBO-MA|M|20230901|20240831|J|S|VT|20230915|12|GEZONDHEIDSZORG|BEKOSTIGD|N|M|N|J|J
BLB|700000022|800000022|||||||2|0|0|3|2|1|0|0|2|3|3|0||||
BRD|700000022|800000022|99XX|99XX000222023|J|pi|HOOG|34001|HBO-BA|B|20230901|20240831|J|S|VT|20230915|12|TECHNIEK|BEKOSTIGD|N|B|N|J|J
BRR|700000022|800000022|99XX|R000222022|N|mu|HOOG|1|34001|HBO-BA|B|J|20220625|VT|20220715|TECHNIEK|BEKOSTIGD|N|B|N|J|J|J|
BLB|700000023|800000023|||||||0|2|3|1|1|2|2|3|0|0|1|0||||
BRD|700000023|800000023|99XX|99XX000232023|J|pi|LAAG|34006|HBO-BA|B|20230901|20240831|J|S|VT|20230915|12|TAAL_EN_CULTUUR|BEKOSTIGD|N|B|N|J|J
BRD|700000023|800000023|71AA|71AA000232023|J|pi|LAAG|34006|HBO-BA|B|20230901|20240831|J|S|VT|20230915|12|TAAL_EN_CULTUUR|BEKOSTIGD|N|B|N|J|J
BLB|700000025|800000025|||||||2|-1|2|0|0|1|3|1|1|2|0|1||||
BRD|700000025|800000025|99XX|99XX000252023|J|pi|LAAG|56002|WO-MA|M|20230901|20240831|J|S|VT|20230915|12|GEDRAG_EN_MAATSCHAPPIJ|BEKOSTIGD|N|M|N|J|J
BLB|700000026|800000026|||||||2|0|1|1|3|0|3|3|2|1|2|0||||
BRD|700000026|800000026|99XX|99XX000262022|N|mv|LAAG|34005|HBO-BA|B|20220901|20230831|J|S|VT|20220915|12|ONDERWIJS|BEKOSTIGD|N|B|N|J|J
BRR|700000026|800000026|99XX|R000262023|N|np|LAAG|1|34005|HBO-BA|D|N|20230625|VT|20230715|ONDERWIJS|BEKOSTIGD|N|B|N|N|J|J|
BLB|700000027|800000027|||20230625||||1|0|0|-1|0|3|0|3|1|2|3|3||||
BRD|700000027|800000027|99XX|99XX000272023|J|pi|LAAG|56001|WO-BA|B|20230901|20240831|J|S|VT|20230915|12|RECHT|BEKOSTIGD|N|B|N|J|J
BRR|700000027|800000027|99XX|R000272023|J|pg|LAAG|1|56001|WO-BA|B|J|20230625|VT|20230715|RECHT|BEKOSTIGD|N|B|N|J|J|J|
BLB|700000028|800000028|||||||2|0|0|2|2|3|1|0|0|1|2|2||||
BRD|700000028|800000028|99XX|99XX000282023|N|ng|LAAG|34003|HBO-AD|A|20230901|20240831|J|S|VT|20230915|12|ECONOMIE|BEKOSTIGD|N|D|N|J|J
BLB|700000029|800000029|||||||3|3|2|2|0|1|3|1|2|3|0|3||||
BRD|700000029|800000029|99XX|99XX000292023|J|pi|HOOG|34001|HBO-BA|B|20230901|20240831|J|S|DT|20230915|12|TECHNIEK|BEKOSTIGD|N|B|N|J|J
BRD|700000029|800000029|71AA|71AA000292023|J|pi|HOOG|34001|HBO-BA|B|20230901|20240831|J|S|DT|20230915|12|TECHNIEK|BEKOSTIGD|N|B|N|J|J
BLB|700000030|800000030|||20230625||||-1|0|2|-1|0|0|3|3|1|0|3|2||||
BRD|700000030|800000030|99XX|99XX000302023|J|pi|LAAG|34003|HBO-AD|A|20230901|20240831|J|S|DT|20230915|12|ECONOMIE|BEKOSTIGD|N|D|N|J|J
BRR|700000030|800000030|99XX|R000302023|J|pg|LAAG|1|34003|HBO-AD|A|J|20230625|DT|20230715|ECONOMIE|BEKOSTIGD|N|D|N|J|J|J|
BLB|700000031|800000031|||||||0|0|0|0|2|0|3|-1|2|0|0|3||||
BRD|700000031|800000031|99XX|99XX000312023|J|pi|LAAG|34002|HBO-BA|B|20230901|20240831|J|S|VT|20230915|12|ECONOMIE|BEKOSTIGD|N|B|N|J|J
BRR|700000031|800000031|99XX|R000312023|N|nb|LAAG|1|34002|HBO-BA|B|J|20230625|VT|20230715|ECONOMIE|BEKOSTIGD|N|B|N|J|J|J|
BLB|700000032|800000032|||||||0|3|2|3|3|0|1|3|2|3|3|2||||
BRD|700000032|800000032|99XX|99XX000322023|N|na|LAAG|56002|WO-MA|M|20230901|20240831|J|S|VT|20230915|12|GEDRAG_EN_MAATSCHAPPIJ|BEKOSTIGD|N|M|N|J|N
BLB|700000033|800000033|||||||0|0|0|3|3|2|2|2|3|-1|3|2||||
BRD|700000033|800000033|99XX|99XX000332023|J|pi|HOOG|34001|HBO-BA|B|20230901|20240831|J|S|VT|20230915|12|TECHNIEK|BEKOSTIGD|N|B|N|J|J
BLB|700000034|800000034|||20230625||||0|2|2|0|2|3|1|1|2|2|2|1||||
BRD|700000034|800000034|99XX|99XX000342023|N|na,ti|LAAG|34005|HBO-BA|B|20230901|20240831|J|S|DT|20240301|12|ONDERWIJS|BEKOSTIGD|N|B|N|J|N
BRR|700000034|800000034|99XX|R000342023|J|pg|LAAG|1|34005|HBO-BA|B|J|20230625|DT|20230715|ONDERWIJS|BEKOSTIGD|N|B|N|J|J|J|
BLB|700000035|800000035|||||||2|-1|2|0|-1|3|2|0|1|3|3|2||||
BRD|700000035|800000035|99XX|99XX000352023|N|ng|LAAG|34005|HBO-BA|B|20230901|20240831|J|S|VT|20230915|12|ONDERWIJS|BEKOSTIGD|N|B|N|J|J
BLB|700000037|800000037|||||||1|2|2|2|0|0|2|1|2|1|1|0||||
BRD|700000037|800000037|99XX|99XX000372023|J|pi|LAAG|34002|HBO-BA|B|20230901|20240831|J|S|DT|20230915|12|ECONOMIE|BEKOSTIGD|N|B|N|J|J
BLB|700000038|800000038|||||||1|3|0|2|2|3|2|0|0|0|3|1||||
BRD|700000038|800000038|99XX|99XX000382023|J|pi|HOOG|34004|HBO-MA|M|20230901|20240831|J|S|VT|20230915|12|GEZONDHEIDSZORG|BEKOSTIGD|N|M|N|J|J
BLB|700000039|800000039|||||||0|2|2|3|2|1|2|1|3|1|3|0||||
BRD|700000039|800000039|99XX|99XX000392023|N|ex|HOOG|34001|HBO-BA|B|20230901|20240831|J|E|VT|20230915|12|TECHNIEK|BEKOSTIGD|N|B|N|J|J
BLB|700000040|800000040|||||||1|-1|1|-1|0|3|3|1|1|2|2|2||||
BRD|700000040|800000040|99XX|99XX000402023|J|pi|LAAG|34002|HBO-BA|B|20230901|20240831|J|S|DU|20230915|12|ECONOMIE|BEKOSTIGD|N|B|N|J|J
BLB|700000041|800000041|||||||0|1|0|3|3|1|2|2|1|0|2|1||||
BRD|700000041|800000041|99XX|99XX000412023|J|pi|LAAG|34005|HBO-BA|B|20230901|20240831|J|S|VT|20230915|12|ONDERWIJS|BEKOSTIGD|N|B|N|J|J
BLB|700000042|800000042|||||||3|3|0|0|1|0|0|0|0|3|2|2||||
BRD|700000042|800000042|99XX|99XX000422023|J|pi|LAAG|34002|HBO-BA|B|20230901|20240831|J|S|VT|20230915|12|ECONOMIE|BEKOSTIGD|N|B|N|J|J
BLB|700000043|800000043|||||||0|0|2|0|0|2|3|3|2|1|2|1||||
BRD|700000043|800000043|99XX|99XX000432023|J|pi|LAAG|34002|HBO-BA|B|20230901|20240831|J|S|DU|20230915|12|ECONOMIE|BEKOSTIGD|N|B|N|J|J
BLB|700000044|800000044|||||||2|1|0|3|-1|3|3|3|3|0|1|1||||
BRD|700000044|800000044|99XX|99XX000442022|N|mv|LAAG|34003|HBO-AD|A|20220901|20230831|J|S|VT|20220915|12|ECONOMIE|BEKOSTIGD|N|D|N|J|J
BLB|700000045|800000045|||||||-1|2|2|2|2|0|1|2|1|0|1|0||||
BRD|700000045|800000045|99XX|99XX000452023|J|pi|LAAG|34003|HBO-AD|A|20230901|20240831|J|S|VT|20230915|12|ECONOMIE|BEKOSTIGD|N|D|N|J|J
BRR|700000045|800000045|99XX|R000452023|N|np|LAAG|1|34003|HBO-AD|D|N|20230625|VT|20230715|ECONOMIE|BEKOSTIGD|N|D|N|N|J|J|
BLB|700000046|800000046|||||||0|0|0|3|2|-1|2|0|2|2|2|0||||
BRD|700000046|800000046|99XX|99XX000462022|N|mv|LAAG|56001|WO-BA|B|20220901|20230831|J|S|DU|20220915|12|RECHT|BEKOSTIGD|N|B|N|J|J
BLB|700000047|800000047|||||||0|1|0|1|1|0|2|0|1|2|3|0||||
BRD|700000047|800000047|99XX|99XX000472023|J|pi|HOOG|34004|HBO-MA|M|20230901|20240831|J|S|VT|20230915|12|GEZONDHEIDSZORG|BEKOSTIGD|N|M|N|J|J
BLB|700000049|800000049|||||||0|0|0|0|2|0|1|0|3|3|2|1||||
BRD|700000049|800000049|99XX|99XX000492023|J|pi|LAAG|34002|HBO-BA|B|20230901|20240831|J|S|VT|20230915|12|ECONOMIE|BEKOSTIGD|N|B|N|J|J
BLB|700000050|800000050|||||||1|2|3|3|3|3|1|0|1|2|0|1||||
BRD|700000050|800000050|99XX|99XX000502023|J|pi|HOOG|34001|HBO-BA|B|20230901|20240831|J|S|VT|20230915|12|TECHNIEK|BEKOSTIGD|N|B|N|J|J
BRD|700000050|800000050|71AA|71AA000502023|J|pi|HOOG|34001|HBO-BA|B|20230901|20240831|J|S|VT|20230915|12|TECHNIEK|BEKOSTIGD|N|B|N|J|J
BRR|700000050|800000050|99XX|R000502023|N|mt|HOOG|1|34001|HBO-BA|B|J|20231101|VT|20230715|TECHNIEK|BEKOSTIGD|N|B|N|J|J|J|
BLB|700000051|800000051|||||||0|3|0|0|2|0|2|2|1|1|3|0||||
BRD|700000051|800000051|99XX|99XX000512023|J|pi|HOOG|34004|HBO-MA|M|20230901|20240831|J|S|VT|20230915|12|GEZONDHEIDSZORG|BEKOSTIGD|N|M|N|J|J
BRR|700000051|800000051|99XX|R000512023|N|mt|HOOG|1|34004|HBO-MA|M|J|20231101|VT|20230715|GEZONDHEIDSZORG|BEKOSTIGD|N|M|N|J|J|J|
BLB|700000052|800000052|||||||0|2|1|0|0|1|0|0|0|0|2|2||||
BRD|700000052|800000052|99XX|99XX000522023|J|pi|HOOG|34001|HBO-BA|B|20230901|20240831|J|S|VT|20230915|12|TECHNIEK|BEKOSTIGD|N|B|N|J|J
BLB|700000053|800000053|||||||0|0|1|0|3|1|0|2|0|3|3|2||||
BRD|700000053|800000053|99XX|99XX000532023|J|pi|LAAG|34006|HBO-BA|B|20230901|20240831|J|S|VT|20230915|12|TAAL_EN_CULTUUR|BEKOSTIGD|N|B|N|J|J
BLB|700000054|800000054|||||||0|2|1|1|3|2|0|3|2|1|3|3||||
BRD|700000054|800000054|99XX|99XX000542023|J|pi|LAAG|56002|WO-MA|M|20230901|20240831|J|S|VT|20230915|12|GEDRAG_EN_MAATSCHAPPIJ|BEKOSTIGD|N|M|N|J|J
BLB|700000055|800000055|||||||1|0|0|3|1|2|1|3|0|1|3|2||||
BRD|700000055|800000055|99XX|99XX000552023|J|pi|LAAG|56002|WO-MA|M|20230901|20240831|J|S|VT|20230915|12|GEDRAG_EN_MAATSCHAPPIJ|BEKOSTIGD|N|M|N|J|J
BLB|700000056|800000056|||||||2|3|1|1|0|3|1|3|0|2|3|0||||
BRD|700000056|800000056|99XX|99XX000562023|J|pi|LAAG|56001|WO-BA|B|20230901|20240831|J|S|VT|20230915|12|RECHT|BEKOSTIGD|N|B|N|J|J
BRR|700000056|800000056|99XX|R000562023|N|nb|LAAG|1|56001|WO-BA|B|J|20230625|VT|20230715|RECHT|BEKOSTIGD|N|B|N|J|J|J|
BLB|700000057|800000057|||20230625||||2|-1|3|-1|1|2|0|1|0|2|1|1||||
BRD|700000057|800000057|99XX|99XX000572023|J|pi|LAAG|56001|WO-BA|B|20230901|20240831|J|S|VT|20230915|12|RECHT|BEKOSTIGD|N|B|N|J|J
BRD|700000057|800000057|71AA|71AA000572023|J|pi|LAAG|56001|WO-BA|B|20230901|20240831|J|S|VT|20230915|12|RECHT|BEKOSTIGD|N|B|N|J|J
BRR|700000057|800000057|99XX|R000572023|J|pg|LAAG|1|56001|WO-BA|B|J|20230625|VT|20230715|RECHT|BEKOSTIGD|N|B|N|J|J|J|
BLB|700000058|800000058|||||||3|3|0|1|-1|3|1|0|0|2|-1|1||||
BRD|700000058|800000058|99XX|99XX000582023|J|pi|HOOG|34001|HBO-BA|B|20230901|20240831|J|S|VT|20230915|12|TECHNIEK|BEKOSTIGD|N|B|N|J|J
BLB|700000059|800000059|||||||3|3|0|1|-1|-1|3|0|1|3|1|1||||
BRD|700000059|800000059|99XX|99XX000592023|J|pi|LAAG|34002|HBO-BA|B|20230901|20240831|J|S|VT|20230915|12|ECONOMIE|BEKOSTIGD|N|B|N|J|J
BLB|700000061|800000061|||||||3|3|0|2|0|1|3|3|3|0|2|2||||
BRD|700000061|800000061|99XX|99XX000612023|J|pi|LAAG|56002|WO-MA|M|20230901|20240831|J|S|VT|20230915|12|GEDRAG_EN_MAATSCHAPPIJ|BEKOSTIGD|N|M|N|J|J
BLB|700000062|800000062|||||||0|1|3|2|1|3|1|0|0|0|1|3||||
BRD|700000062|800000062|99XX|99XX000622023|N|na|LAAG|56002|WO-MA|M|20230901|20240831|J|S|VT|20230915|12|GEDRAG_EN_MAATSCHAPPIJ|BEKOSTIGD|N|M|N|J|N
BLB|700000063|800000063|||||||1|2|3|0|3|3|0|1|1|3|1|0||||
BRD|700000063|800000063|99XX|99XX000632023|J|pi|LAAG|56002|WO-MA|M|20230901|20240831|J|S|DT|20230915|12|GEDRAG_EN_MAATSCHAPPIJ|BEKOSTIGD|N|M|N|J|J
BLB|700000064|800000064|||||||1|0|0|3|2|1|0|2|0|1|3|0||||
BRD|700000064|800000064|99XX|99XX000642023|J|pi|LAAG|34002|HBO-BA|B|20230901|20240831|J|S|VT|20230915|12|ECONOMIE|BEKOSTIGD|N|B|N|J|J
BLB|700000065|800000065|||||||2|1|3|3|1|3|1|3|0|0|0|3||||
BRD|700000065|800000065|99XX|99XX000652023|J|pi|HOOG|34001|HBO-BA|B|20230901|20240831|J|S|DU|20230915|12|TECHNIEK|BEKOSTIGD|N|B|N|J|J
BLB|700000066|800000066|||20230625||||-1|2|0|0|1|-1|0|3|-1|3|2|-1||||
BRD|700000066|800000066|99XX|99XX000662023|J|pi|HOOG|34004|HBO-MA|M|20230901|20240831|J|S|VT|20230915|12|GEZONDHEIDSZORG|BEKOSTIGD|N|M|N|J|J
BRR|700000066|800000066|99XX|R000662023|J|pg|HOOG|1|34004|HBO-MA|M|J|20230625|VT|20230715|GEZONDHEIDSZORG|BEKOSTIGD|N|M|N|J|J|J|
BLB|700000067|800000067|||20230625||||0|2|2|0|2|1|2|3|-1|1|2|3||||
BRD|700000067|800000067|99XX|99XX000672023|J|pi|HOOG|34004|HBO-MA|M|20230901|20240831|J|S|DT|20230915|12|GEZONDHEIDSZORG|BEKOSTIGD|N|M|N|J|J
BRR|700000067|800000067|99XX|R000672023|J|pg|HOOG|1|34004|HBO-MA|M|J|20230625|DT|20230715|GEZONDHEIDSZORG|BEKOSTIGD|N|M|N|J|J|J|
BLB|700000068|800000068|||||||2|0|1|3|0|-1|0|1|0|2|0|-1||||
BRD|700000068|800000068|99XX|99XX000682022|N|mv|LAAG|34003|HBO-AD|A|20220901|20230831|J|S|VT|20220915|12|ECONOMIE|BEKOSTIGD|N|D|N|J|J
BLB|700000069|800000069|||||||3|3|3|3|2|2|0|3|0|0|0|3||||
BRD|700000069|800000069|99XX|99XX000692023|J|pi|LAAG|34005|HBO-BA|B|20230901|20240831|J|S|DU|20230915|12|ONDERWIJS|BEKOSTIGD|N|B|N|J|J
BLB|700000070|800000070|||20230625||||2|3|0|2|2|0|1|3|1|1|0|3||||
BRD|700000070|800000070|99XX|99XX000702023|J|pi|LAAG|34005|HBO-BA|B|20230901|20240831|J|S|VT|20230915|12|ONDERWIJS|BEKOSTIGD|N|B|N|J|J
BRR|700000070|800000070|99XX|R000702023|J|pg|LAAG|1|34005|HBO-BA|B|J|20230625|VT|20230715|ONDERWIJS|BEKOSTIGD|N|B|N|J|J|J|
BLB|700000071|800000071|||||||2|1|3|3|1|0|1|3|1|0|1|2||||
BRD|700000071|800000071|99XX|99XX000712023|N|ti|LAAG|56002|WO-MA|M|20230901|20240831|J|S|VT|20240301|12|GEDRAG_EN_MAATSCHAPPIJ|BEKOSTIGD|N|M|N|J|J
BRR|700000071|800000071|99XX|R000712023|N|np|LAAG|1|56002|WO-MA|D|N|20230625|VT|20230715|GEDRAG_EN_MAATSCHAPPIJ|BEKOSTIGD|N|M|N|N|J|J|
BLB|700000073|800000073|||||||0|3|0|3|0|0|3|0|2|0|1|2||||
BRD|700000073|800000073|99XX|99XX000732023|N|ng|LAAG|34006|HBO-BA|B|20230901|20240831|J|S|VT|20230915|12|TAAL_EN_CULTUUR|BEKOSTIGD|N|B|N|J|J
BLB|700000074|800000074|||||||0|3|1|0|3|0|1|0|0|2|2|2||||
BRD|700000074|800000074|99XX|99XX000742023|J|pi|LAAG|34003|HBO-AD|A|20230901|20240831|J|S|VT|20230915|12|ECONOMIE|BEKOSTIGD|N|D|N|J|J
BLB|700000075|800000075|||||||2|2|-1|0|3|1|0|2|1|-1|1|3||||
BRD|700000075|800000075|99XX|99XX000752023|J|pi|LAAG|34003|HBO-AD|A|20230901|20240831|J|S|VT|20230915|12|ECONOMIE|BEKOSTIGD|N|D|N|J|J
BLB|700000076|800000076|||20230625||||0|1|3|2|1|2|2|3|2|2|-1|3||||
BRD|700000076|800000076|99XX|99XX000762023|J|pi|HOOG|34004|HBO-MA|M|20230901|20240831|J|S|VT|20230915|12|GEZONDHEIDSZORG|BEKOSTIGD|N|M|N|J|J
BRD|700000076|800000076|71AA|71AA000762023|J|pi|HOOG|34004|HBO-MA|M|20230901|20240831|J|S|VT|20230915|12|GEZONDHEIDSZORG|BEKOSTIGD|N|M|N|J|J
BRR|700000076|800000076|99XX|R000762023|J|pg|HOOG|1|34004|HBO-MA|M|J|20230625|VT|20230715|GEZONDHEIDSZORG|BEKOSTIGD|N|M|N|J|J|J|
BLB|700000077|800000077|||||||1|3|0|2|3|1|2|3|0|3|3|-1||||
BRD|700000077|800000077|99XX|99XX000772023|N|ti|HOOG|34004|HBO-MA|M|20230901|20240831|J|S|VT|20240301|12|GEZONDHEIDSZORG|BEKOSTIGD|N|M|N|J|J
BLB|700000078|800000078|||20230625||||1|0|0|3|2|0|0|1|3|0|3|3||||
BRD|700000078|800000078|99XX|99XX000782023|J|pi|LAAG|34002|HBO-BA|B|20230901|20240831|J|S|VT|20230915|12|ECONOMIE|BEKOSTIGD|N|B|N|J|J
BRD|700000078|800000078|71AA|71AA000782023|J|pi|LAAG|34002|HBO-BA|B|20230901|20240831|J|S|VT|20230915|12|ECONOMIE|BEKOSTIGD|N|B|N|J|J
BRR|700000078|800000078|99XX|R000782023|J|pg|LAAG|1|34002|HBO-BA|B|J|20230625|VT|20230715|ECONOMIE|BEKOSTIGD|N|B|N|J|J|J|
BLB|700000079|800000079|||||||3|2|1|3|2|0|2|2|2|3|3|1||||
BRD|700000079|800000079|99XX|99XX000792023|J|pi|LAAG|34006|HBO-BA|B|20230901|20240831|J|S|DU|20230915|12|TAAL_EN_CULTUUR|BEKOSTIGD|N|B|N|J|J
BLB|700000080|800000080|||||||2|3|-1|2|0|1|1|3|1|-1|0|1||||
BRD|700000080|800000080|99XX|99XX000802023|N|jl|LAAG|34006|HBO-BA|B|20230901|20240831|N|S|VT|20230915|12|TAAL_EN_CULTUUR|BEKOSTIGD|N|B|N|J|J
BLB|700000081|800000081|||20230625||||2|3|3|2|0|0|-1|1|2|2|1|0||||
BRD|700000081|800000081|99XX|99XX000812023|J|pi|LAAG|34005|HBO-BA|B|20230901|20240831|J|S|VT|20230915|12|ONDERWIJS|BEKOSTIGD|N|B|N|J|J
BRR|700000081|800000081|99XX|R000812023|J|pg|LAAG|1|34005|HBO-BA|B|J|20230625|VT|20230715|ONDERWIJS|BEKOSTIGD|N|B|N|J|J|J|
BLB|700000082|800000082|||||||0|3|-1|3|3|0|2|2|0|0|3|0||||
BRD|700000082|800000082|99XX|99XX000822022|N|mv|LAAG|34002|HBO-BA|B|20220901|20230831|J|S|VT|20220915|12|ECONOMIE|BEKOSTIGD|N|B|N|J|J
BLB|700000083|800000083|||||||2|2|1|1|3|0|0|2|3|0|1|2||||
BRD|700000083|800000083|99XX|99XX000832023|J|pi|LAAG|34002|HBO-BA|B|20230901|20240831|J|S|VT|20230915|12|ECONOMIE|BEKOSTIGD|N|B|N|J|J
BLB|700000085|800000085|||||||2|-1|2|3|3|1|1|3|0|1|0|2||||
BRD|700000085|800000085|99XX|99XX000852023|J|pi|LAAG|34002|HBO-BA|B|20230901|20240831|J|S|DT|20230915|12|ECONOMIE|BEKOSTIGD|N|B|N|J|J
BLB|700000086|800000086|||||||3|2|2|2|3|1|1|0|2|0|3|0||||
BRD|700000086|800000086|99XX|99XX000862023|N|nf|LAAG|34003|HBO-AD|A|20230901|20240831|J|S|VT|20230915|12|ECONOMIE|BEKOSTIGD|N|D|N|J|J
BLB|700000087|800000087|||||||3|3|1|2|3|0|0|3|1|0|3|3||||
BRD|700000087|800000087|99XX|99XX000872023|J|pi|LAAG|34005|HBO-BA|B|20230901|20240831|J|S|VT|20230915|12|ONDERWIJS|BEKOSTIGD|N|B|N|J|J
BLB|700000088|800000088|||||||2|3|2|0|0|2|1|3|1|1|1|3||||
BRD|700000088|800000088|99XX|99XX000882023|J|pi|HOOG|34001|HBO-BA|B|20230901|20240831|J|S|VT|20230915|12|TECHNIEK|BEKOSTIGD|N|B|N|J|J
BLB|700000089|800000089|||20230625||||0|1|1|1|1|-1|2|2|0|2|3|2||||
BRD|700000089|800000089|99XX|99XX000892023|J|pi|LAAG|34002|HBO-BA|B|20230901|20240831|J|S|DU|20230915|12|ECONOMIE|BEKOSTIGD|N|B|N|J|J
BRR|700000089|800000089|99XX|R000892023|J|pg|LAAG|1|34002|HBO-BA|B|J|20230625|DU|20230715|ECONOMIE|BEKOSTIGD|N|B|N|J|J|J|
BLB|700000090|800000090|||20230625||||2|3|3|1|1|0|2|3|3|0|3|2||||
BRD|700000090|800000090|99XX|99XX000902023|J|pi|LAAG|34002|HBO-BA|B|20230901|20240831|J|S|DT|20230915|12|ECONOMIE|BEKOSTIGD|N|B|N|J|J
BRR|700000090|800000090|99XX|R000902023|J|pg|LAAG|1|34002|HBO-BA|B|J|20230625|DT|20230715|ECONOMIE|BEKOSTIGD|N|B|N|J|J|J|
BLB|700000091|800000091|||20230625||||2|1|1|0|0|3|0|0|1|2|3|2||||
BRD|700000091|800000091|99XX|99XX000912022|N|mv|LAAG|34003|HBO-AD|A|20220901|20230831|J|S|VT|20220915|12|ECONOMIE|BEKOSTIGD|N|D|N|J|J
BRR|700000091|800000091|99XX|R000912023|J|pg|LAAG|1|34003|HBO-AD|A|J|20230625|VT|20230715|ECONOMIE|BEKOSTIGD|N|D|N|J|J|J|
BLB|700000092|800000092|||||||0|1|1|3|0|3|-1|3|2|1|1|1||||
BRD|700000092|800000092|99XX|99XX000922023|N|jl|LAAG|34006|HBO-BA|B|20230901|20240831|N|S|VT|20230915|12|TAAL_EN_CULTUUR|BEKOSTIGD|N|B|N|J|J
BLB|700000093|800000093|||||||0|0|1|1|1|3|0|0|0|0|0|1||||
BRD|700000093|800000093|99XX|99XX000932023|J|pi|LAAG|34005|HBO-BA|B|20230901|20240831|J|S|VT|20230915|12|ONDERWIJS|BEKOSTIGD|N|B|N|J|J
BLB|700000094|800000094|||||||0|2|1|1|2|1|2|1|-1|0|0|2||||
BRD|700000094|800000094|99XX|99XX000942023|J|pi|HOOG|34001|HBO-BA|B|20230901|20240831|J|S|VT|20230915|12|TECHNIEK|BEKOSTIGD|N|B|N|J|J
BRR|700000094|800000094|99XX|R000942023|N|np|HOOG|1|34001|HBO-BA|D|N|20230625|VT|20230715|TECHNIEK|BEKOSTIGD|N|B|N|N|J|J|
BLB|700000095|800000095|||20230625||||2|1|3|2|3|2|1|1|2|0|1|3||||
BRD|700000095|800000095|99XX|99XX000952023|N|nf|LAAG|34005|HBO-BA|B|20230901|20240831|J|S|VT|20230915|12|ONDERWIJS|BEKOSTIGD|N|B|N|J|J
BRR|700000095|800000095|99XX|R000952023|J|pg|LAAG|1|34005|HBO-BA|B|J|20230625|VT|20230715|ONDERWIJS|BEKOSTIGD|N|B|N|J|J|J|
BLB|700000097|800000097|||||||1|2|1|0|0|0|3|3|0|1|0|3||||
BRD|700000097|800000097|99XX|99XX000972023|J|pi|LAAG|56002|WO-MA|M|20230901|20240831|J|S|VT|20230915|12|GEDRAG_EN_MAATSCHAPPIJ|BEKOSTIGD|N|M|N|J|J
BLB|700000098|800000098|||||||2|0|1|1|3|0|3|0|1|1|3|3||||
BRD|700000098|800000098|99XX|99XX000982023|J|pi|HOOG|34001|HBO-BA|B|20230901|20240831|J|S|VT|20230915|12|TECHNIEK|BEKOSTIGD|N|B|N|J|J
BLB|700000099|800000099|||||||0|0|3|0|2|3|2|3|1|2|2|3||||
BRD|700000099|800000099|99XX|99XX000992022|N|mv|LAAG|34003|HBO-AD|A|20220901|20230831|J|S|VT|20220915|12|ECONOMIE|BEKOSTIGD|N|D|N|J|J
BLB|700000100|800000100|||||||0|2|3|0|1|1|0|1|1|2|1|2||||
BRD|700000100|800000100|99XX|99XX001002023|J|pi|LAAG|34003|HBO-AD|A|20230901|20240831|J|S|VT|20230915|12|ECONOMIE|BEKOSTIGD|N|D|N|J|J
BLB|700000101|800000101|||||||3|3|0|2|1|0|2|2|2|2|1|1||||
BRD|700000101|800000101|99XX|99XX001012023|J|pi|LAAG|34006|HBO-BA|B|20230901|20240831|J|S|DT|20230915|12|TAAL_EN_CULTUUR|BEKOSTIGD|N|B|N|J|J
BRD|700000101|800000101|71AA|71AA001012023|J|pi|LAAG|34006|HBO-BA|B|20230901|20240831|J|S|DT|20230915|12|TAAL_EN_CULTUUR|BEKOSTIGD|N|B|N|J|J
BLB|700000102|800000102|||||||3|2|0|0|3|2|1|1|1|1|2|1||||
BRD|700000102|800000102|99XX|99XX001022023|J|pi|HOOG|34001|HBO-BA|B|20230901|20240831|J|S|DT|20230915|12|TECHNIEK|BEKOSTIGD|N|B|N|J|J
BLB|700000103|800000103|||20230625||||0|1|0|2|0|0|1|1|0|3|1|2||||
BRD|700000103|800000103|99XX|99XX001032023|J|pd|HOOG|34004|HBO-MA|M|20230901|20240831|J|S|VT|20230915|12|GEZONDHEIDSZORG|BEKOSTIGD|N|M|N|J|J
BRR|700000103|800000103|99XX|R001032023|J|pg|HOOG|1|34004|HBO-MA|M|J|20230625|VT|20230715|GEZONDHEIDSZORG|BEKOSTIGD|N|M|N|J|J|J|
BLB|700000104|800000104|||||||1|2|0|0|3|1|0|1|0|0|1|3||||
BRD|700000104|800000104|99XX|99XX001042023|J|pi|LAAG|56001|WO-BA|B|20230901|20240831|J|S|DU|20230915|12|RECHT|BEKOSTIGD|N|B|N|J|J
BLB|700000105|800000105|||||||2|3|0|0|-1|3|3|1|1|1|0|2||||
BRD|700000105|800000105|99XX|99XX001052023|J|pi|HOOG|34004|HBO-MA|M|20230901|20240831|J|S|DT|20230915|12|GEZONDHEIDSZORG|BEKOSTIGD|N|M|N|J|J
BLB|700000106|800000106|||20230625||||2|0|3|1|1|1|0|0|1|1|2|3||||
BRD|700000106|800000106|99XX|99XX001062023|J|pi|LAAG|34003|HBO-AD|A|20230901|20240831|J|S|DT|20230915|12|ECONOMIE|BEKOSTIGD|N|D|N|J|J
BRR|700000106|800000106|99XX|R001062023|J|pg|LAAG|1|34003|HBO-AD|A|J|20230625|DT|20230715|ECONOMIE|BEKOSTIGD|N|D|N|J|J|J|
BLB|700000107|800000107|||||||2|2|0|3|0|3|2|3|3|2|0|1||||
BRD|700000107|800000107|99XX|99XX001072023|J|pi|LAAG|34006|HBO-BA|B|20230901|20240831|J|S|DT|20230915|12|TAAL_EN_CULTUUR|BEKOSTIGD|N|B|N|J|J
BRD|700000107|800000107|71AA|71AA001072022|N|mv|LAAG|34006|HBO-BA|B|20220901|20230831|J|S|DT|20220915|12|TAAL_EN_CULTUUR|BEKOSTIGD|N|B|N|J|J
BLB|700000109|800000109|||||||-1|3|-1|2|3|0|3|2|0|2|-1|1||||
BRD|700000109|800000109|99XX|99XX001092023|J|pi|LAAG|34002|HBO-BA|B|20230901|20240831|J|S|VT|20230915|12|ECONOMIE|BEKOSTIGD|N|B|N|J|J
BLB|700000110|800000110|||||||0|3|0|0|1|-1|3|2|2|3|0|0||||
BRD|700000110|800000110|99XX|99XX001102023|J|pi|LAAG|56002|WO-MA|M|20230901|20240831|J|S|VT|20230915|12|GEDRAG_EN_MAATSCHAPPIJ|BEKOSTIGD|N|M|N|J|J
BRD|700000110|800000110|71AA|71AA001102023|J|pi|LAAG|56002|WO-MA|M|20230901|20240831|J|S|VT|20230915|12|GEDRAG_EN_MAATSCHAPPIJ|BEKOSTIGD|N|M|N|J|J
BLB|700000111|800000111|||20230625||||0|3|3|1|1|1|2|2|2|0|1|3||||
BRD|700000111|800000111|99XX|99XX001112023|J|pi|LAAG|56002|WO-MA|M|20230901|20240831|J|S|VT|20230915|12|GEDRAG_EN_MAATSCHAPPIJ|BEKOSTIGD|N|M|N|J|J
BRR|700000111|800000111|99XX|R001112023|J|pg|LAAG|1|56002|WO-MA|M|J|20230625|VT|20230715|GEDRAG_EN_MAATSCHAPPIJ|BEKOSTIGD|N|M|N|J|J|J|
BLB|700000112|800000112|||||||2|1|3|1|2|0|0|3|1|2|3|2||||
BRD|700000112|800000112|99XX|99XX001122023|J|pi|HOOG|34004|HBO-MA|M|20230901|20240831|J|S|VT|20230915|12|GEZONDHEIDSZORG|BEKOSTIGD|N|M|N|J|J
BLB|700000113|800000113|||||||1|2|0|2|3|3|2|3|1|1|-1|2||||
BRD|700000113|800000113|99XX|99XX001132023|J|pi|LAAG|56001|WO-BA|B|20230901|20240831|J|S|VT|20230915|12|RECHT|BEKOSTIGD|N|B|N|J|J
BLB|700000114|800000114|||||||3|1|2|3|3|1|0|2|3|0|3|0||||
BRD|700000114|800000114|99XX|99XX001142023|J|pi|LAAG|34005|HBO-BA|B|20230901|20240831|J|S|VT|20230915|12|ONDERWIJS|BEKOSTIGD|N|B|N|J|J
BLB|700000115|800000115|||20230625||||1|1|-1|2|1|-1|1|2|3|1|1|0||||
BRD|700000115|800000115|99XX|99XX001152023|J|pi|LAAG|34006|HBO-BA|B|20230901|20240831|J|S|DU|20230915|12|TAAL_EN_CULTUUR|BEKOSTIGD|N|B|N|J|J
BRR|700000115|800000115|99XX|R001152023|J|pg|LAAG|1|34006|HBO-BA|B|J|20230625|DU|20230715|TAAL_EN_CULTUUR|BEKOSTIGD|N|B|N|J|J|J|
BLB|700000116|800000116|||||||-1|2|3|0|3|3|1|0|0|1|1|3||||
BRD|700000116|800000116|99XX|99XX001162023|J|pi|LAAG|34005|HBO-BA|B|20230901|20240831|J|S|VT|20230915|12|ONDERWIJS|BEKOSTIGD|N|B|N|J|J
BLB|700000117|800000117|||||||0|1|1|3|0|1|0|3|0|0|3|3||||
BRD|700000117|800000117|99XX|99XX001172022|N|mv|LAAG|34005|HBO-BA|B|20220901|20230831|J|S|VT|20220915|12|ONDERWIJS|BEKOSTIGD|N|B|N|J|J
BLB|700000118|800000118|||||||1|1|-1|3|0|0|0|2|1|3|-1|1||||
BRD|700000118|800000118|99XX|99XX001182023|J|pi|LAAG|34006|HBO-BA|B|20230901|20240831|J|S|VT|20230915|12|TAAL_EN_CULTUUR|BEKOSTIGD|N|B|N|J|J
BLB|700000119|800000119|||||||2|1|3|1|2|0|1|2|2|2|0|2||||
BRD|700000119|800000119|99XX|99XX001192023|J|pi|LAAG|34002|HBO-BA|B|20230901|20240831|J|S|VT|20230915|12|ECONOMIE|BEKOSTIGD|N|B|N|J|J
BRR|700000119|800000119|99XX|R001192023|N|np|LAAG|1|34002|HBO-BA|D|N|20230625|VT|20230715|ECONOMIE|BEKOSTIGD|N|B|N|N|J|J|
BLB|700000121|800000121|||||||1|1|3|0|-1|1|3|-1|2|3|-1|-1||||
BRD|700000121|800000121|99XX|99XX001212023|N|na,ti|HOOG|34004|HBO-MA|M|20230901|20240831|J|S|VT|20240301|12|GEZONDHEIDSZORG|BEKOSTIGD|N|M|N|J|N
BLB|700000122|800000122|||||||2|2|2|3|-1|1|0|0|3|3|2|2||||
BRD|700000122|800000122|99XX|99XX001222023|J|pi|LAAG|34006|HBO-BA|B|20230901|20240831|J|S|VT|20230915|12|TAAL_EN_CULTUUR|BEKOSTIGD|N|B|N|J|J
BRD|700000122|800000122|71AA|71AA001222023|J|pi|LAAG|34006|HBO-BA|B|20230901|20240831|J|S|VT|20230915|12|TAAL_EN_CULTUUR|BEKOSTIGD|N|B|N|J|J
BLB|700000123|800000123|||||||0|0|1|1|2|1|3|2|-1|1|1|2||||
BRD|700000123|800000123|99XX|99XX001232023|J|pi|LAAG|34002|HBO-BA|B|20230901|20240831|J|S|VT|20230915|12|ECONOMIE|BEKOSTIGD|N|B|N|J|J
BLB|700000124|800000124|||||||3|0|2|1|3|2|1|2|0|1|0|3||||
BRD|700000124|800000124|99XX|99XX001242023|J|pi|LAAG|34005|HBO-BA|B|20230901|20240831|J|S|VT|20230915|12|ONDERWIJS|BEKOSTIGD|N|B|N|J|J
BLB|700000125|800000125|||||||1|3|3|2|-1|2|1|3|3|2|2|1||||
BRD|700000125|800000125|99XX|99XX001252023|J|pi|LAAG|34005|HBO-BA|B|20230901|20240831|J|S|VT|20230915|12|ONDERWIJS|BEKOSTIGD|N|B|N|J|J
BLB|700000126|800000126|||||||0|3|2|0|2|2|0|0|2|0|3|1||||
BRD|700000126|800000126|99XX|99XX001262023|J|pi|LAAG|56001|WO-BA|B|20230901|20240831|J|S|VT|20230915|12|RECHT|BEKOSTIGD|N|B|N|J|J
BLB|700000127|800000127|||||||2|0|0|-1|0|3|0|2|0|3|0|2||||
BRD|700000127|800000127|99XX|99XX001272023|J|pi|LAAG|34005|HBO-BA|B|20230901|20240831|J|S|VT|20230915|12|ONDERWIJS|BEKOSTIGD|N|B|N|J|J
BLB|700000128|800000128|||||||1|-1|3|0|3|2|1|1|2|1|1|1||||
BRD|700000128|800000128|99XX|99XX001282023|J|pi|LAAG|34005|HBO-BA|B|20230901|20240831|J|S|VT|20230915|12|ONDERWIJS|BEKOSTIGD|N|B|N|J|J
BLB|700000129|800000129|||||||1|2|1|1|1|1|2|1|1|1|0|0||||
BRD|700000129|800000129|99XX|99XX001292023|J|pi|LAAG|34006|HBO-BA|B|20230901|20240831|J|S|VT|20230915|12|TAAL_EN_CULTUUR|BEKOSTIGD|N|B|N|J|J
BLB|700000130|800000130|||20230625||||2|1|3|0|0|0|0|0|2|3|3|2||||
BRD|700000130|800000130|99XX|99XX001302023|J|pi|HOOG|34004|HBO-MA|M|20230901|20240831|J|S|VT|20230915|12|GEZONDHEIDSZORG|BEKOSTIGD|N|M|N|J|J
BRR|700000130|800000130|99XX|R001302023|J|pg|HOOG|1|34004|HBO-MA|M|J|20230625|VT|20230715|GEZONDHEIDSZORG|BEKOSTIGD|N|M|N|J|J|J|
BLB|700000131|800000131|||||||0|1|2|1|1|1|0|2|3|2|2|3||||
BRD|700000131|800000131|99XX|99XX001312023|N|ti|LAAG|34003|HBO-AD|A|20230901|20240831|J|S|VT|20240301|12|ECONOMIE|BEKOSTIGD|N|D|N|J|J
BLB|700000133|800000133|||||||3|2|2|3|1|2|2|-1|2|3|3|3||||
BRD|700000133|800000133|99XX|99XX001332023|J|pd|HOOG|34004|HBO-MA|M|20230901|20240831|J|S|VT|20230915|12|GEZONDHEIDSZORG|BEKOSTIGD|N|M|N|J|J
BLB|700000134|800000134|||||||3|3|1|2|3|0|3|0|2|0|0|3||||
BRD|700000134|800000134|99XX|99XX001342023|J|pi|HOOG|34004|HBO-MA|M|20230901|20240831|J|S|VT|20230915|12|GEZONDHEIDSZORG|BEKOSTIGD|N|M|N|J|J
BLB|700000135|800000135|||20230625||||1|3|1|1|0|0|0|1|0|1|2|1||||
BRD|700000135|800000135|99XX|99XX001352023|J|pi|LAAG|56002|WO-MA|M|20230901|20240831|J|S|VT|20230915|12|GEDRAG_EN_MAATSCHAPPIJ|BEKOSTIGD|N|M|N|J|J
BRD|700000135|800000135|71AA|71AA001352022|N|mv|LAAG|56002|WO-MA|M|20220901|20230831|J|S|VT|20220915|12|GEDRAG_EN_MAATSCHAPPIJ|BEKOSTIGD|N|M|N|J|J
BRR|700000135|800000135|99XX|R001352023|J|pg|LAAG|1|56002|WO-MA|M|J|20230625|VT|20230715|GEDRAG_EN_MAATSCHAPPIJ|BEKOSTIGD|N|M|N|J|J|J|
BLB|700000136|800000136|||||||1|1|2|3|3|3|3|3|1|2|3|1||||
BRD|700000136|800000136|99XX|99XX001362023|J|pd|LAAG|56002|WO-MA|M|20230901|20240831|J|S|VT|20230915|12|GEDRAG_EN_MAATSCHAPPIJ|BEKOSTIGD|N|M|N|J|J
BRR|700000136|800000136|99XX|R001362023|N|mt|LAAG|1|56002|WO-MA|M|J|20231101|VT|20230715|GEDRAG_EN_MAATSCHAPPIJ|BEKOSTIGD|N|M|N|J|J|J|
BLB|700000137|800000137|||||||1|3|2|1|2|2|3|0|0|2|2|2||||
BRD|700000137|800000137|99XX|99XX001372023|J|pi|HOOG|34004|HBO-MA|M|20230901|20240831|J|S|VT|20230915|12|GEZONDHEIDSZORG|BEKOSTIGD|N|M|N|J|J
BLB|700000138|800000138|||||||3|3|2|2|2|3|3|3|1|2|2|3||||
BRD|700000138|800000138|99XX|99XX001382023|J|pi|LAAG|56001|WO-BA|B|20230901|20240831|J|S|VT|20230915|12|RECHT|BEKOSTIGD|N|B|N|J|J
BLB|700000139|800000139|||20230625||||1|3|2|3|2|2|2|0|1|1|1|3||||
BRD|700000139|800000139|99XX|99XX001392023|J|pi|HOOG|34001|HBO-BA|B|20230901|20240831|J|S|DT|20230915|12|TECHNIEK|BEKOSTIGD|N|B|N|J|J
BRR|700000139|800000139|99XX|R001392023|J|pg|HOOG|1|34001|HBO-BA|B|J|20230625|DT|20230715|TECHNIEK|BEKOSTIGD|N|B|N|J|J|J|
BLB|700000140|800000140|||||||0|2|-1|3|3|3|3|3|2|0|3|2||||
BRD|700000140|800000140|99XX|99XX001402023|J|pi|LAAG|34002|HBO-BA|B|20230901|20240831|J|S|DT|20230915|12|ECONOMIE|BEKOSTIGD|N|B|N|J|J
BLB|700000141|800000141|||||||3|0|1|3|0|1|2|1|0|0|0|-1||||
BRD|700000141|800000141|99XX|99XX001412023|N|na,ti|LAAG|56002|WO-MA|M|20230901|20240831|J|S|VT|20240301|12|GEDRAG_EN_MAATSCHAPPIJ|BEKOSTIGD|N|M|N|J|N
BLB|700000142|800000142|||||||3|1|3|0|3|3|3|2|3|0|1|1||||
BRD|700000142|800000142|99XX|99XX001422023|J|pi|LAAG|34002|HBO-BA|B|20230901|20240831|J|S|VT|20230915|12|ECONOMIE|BEKOSTIGD|N|B|N|J|J
BLB|700000143|800000143|||||||1|0|3|3|-1|3|3|2|2|-1|0|0||||
BRD|700000143|800000143|99XX|99XX001432023|J|pi|LAAG|34006|HBO-BA|B|20230901|20240831|J|S|DU|20230915|12|TAAL_EN_CULTUUR|BEKOSTIGD|N|B|N|J|J
BLB|700000145|800000145|||||||0|2|0|3|0|0|3|2|2|0|0|0||||
BRD|700000145|800000145|99XX|99XX001452023|N|jl|LAAG|34003|HBO-AD|A|20230901|20240831|N|S|VT|20230915|12|ECONOMIE|BEKOSTIGD|N|D|N|J|J
BRR|700000145|800000145|99XX|R001452023|N|np|LAAG|1|34003|HBO-AD|D|N|20230625|VT|20230715|ECONOMIE|BEKOSTIGD|N|D|N|N|J|J|
BLB|700000146|800000146|||20230625||||3|0|3|2|3|1|1|1|1|0|3|3||||
BRD|700000146|800000146|99XX|99XX001462022|N|mv|LAAG|34005|HBO-BA|B|20220901|20230831|J|S|DT|20220915|12|ONDERWIJS|BEKOSTIGD|N|B|N|J|J
BRR|700000146|800000146|99XX|R001462023|J|pg|LAAG|1|34005|HBO-BA|B|J|20230625|DT|20230715|ONDERWIJS|BEKOSTIGD|N|B|N|J|J|J|
BLB|700000147|800000147|||||||1|2|0|0|3|3|2|2|1|2|0|0||||
BRD|700000147|800000147|99XX|99XX001472023|N|jl|LAAG|34005|HBO-BA|B|20230901|20240831|N|S|DT|20230915|12|ONDERWIJS|BEKOSTIGD|N|B|N|J|J
BLB|700000148|800000148|||||||2|-1|1|3|3|2|2|2|1|0|2|3||||
BRD|700000148|800000148|99XX|99XX001482023|N|nf|HOOG|34004|HBO-MA|M|20230901|20240831|J|S|VT|20230915|12|GEZONDHEIDSZORG|BEKOSTIGD|N|M|N|J|J
BRR|700000148|800000148|99XX|R001482023|N|nb|HOOG|1|34004|HBO-MA|M|J|20230625|VT|20230715|GEZONDHEIDSZORG|BEKOSTIGD|N|M|N|J|J|J|
BLB|700000149|800000149|||||||1|2|2|0|-1|2|1|2|2|1|2|1||||
BRD|700000149|800000149|99XX|99XX001492023|J|pi|LAAG|34005|HBO-BA|B|20230901|20240831|J|S|VT|20230915|12|ONDERWIJS|BEKOSTIGD|N|B|N|J|J
BRD|700000149|800000149|71AA|71AA001492023|J|pi|LAAG|34005|HBO-BA|B|20230901|20240831|J|S|VT|20230915|12|ONDERWIJS|BEKOSTIGD|N|B|N|J|J
BLB|700000150|800000150|||||||3|1|1|0|2|2|2|3|2|2|3|2||||
BRD|700000150|800000150|99XX|99XX001502023|N|jl|LAAG|34002|HBO-BA|B|20230901|20240831|N|S|VT|20230915|12|ECONOMIE|BEKOSTIGD|N|B|N|J|J
BRR|700000150|800000150|99XX|R001502022|N|mu|LAAG|1|34002|HBO-BA|B|J|20220625|VT|20220715|ECONOMIE|BEKOSTIGD|N|B|N|J|J|J|
BLB||800000012|||||||2|2|0|2|2|2|2|2|0|2|3|0||||
BRD||800000012|99XX|99XX000122023|J|pi|LAAG|56001|WO-BA|B|20230901|20240831|J|S|VT|20230915|12|RECHT|BEKOSTIGD|N|B|N|J|J
BLB||800000024|||20230625||||1|2|3|1|0|0|0|-1|0|3|3|0||||
BRD||800000024|99XX|99XX000242023|J|pi|LAAG|34006|HBO-BA|B|20230901|20240831|J|S|VT|20230915|12|TAAL_EN_CULTUUR|BEKOSTIGD|N|B|N|J|J
BRD||800000024|71AA|71AA000242023|J|pi|LAAG|34006|HBO-BA|B|20230901|20240831|J|S|VT|20230915|12|TAAL_EN_CULTUUR|BEKOSTIGD|N|B|N|J|J
BRR||800000024|99XX|R000242023|J|pg|LAAG|1|34006|HBO-BA|B|J|20230625|VT|20230715|TAAL_EN_CULTUUR|BEKOSTIGD|N|B|N|J|J|J|
BLB||800000036|||||||-1|3|0|3|1|0|0|2|3|1|0|3||||
BRD||800000036|99XX|99XX000362023|J|pi|LAAG|34005|HBO-BA|B|20230901|20240831|J|S|DU|20230915|12|ONDERWIJS|BEKOSTIGD|N|B|N|J|J
BLB||800000048|||20230625||||3|2|0|3|3|3|3|0|3|2|1|0||||
BRD||800000048|99XX|99XX000482023|J|pd|LAAG|34006|HBO-BA|B|20230901|20240831|J|S|VT|20230915|12|TAAL_EN_CULTUUR|BEKOSTIGD|N|B|N|J|J
BRR||800000048|99XX|R000482023|J|pg|LAAG|1|34006|HBO-BA|B|J|20230625|VT|20230715|TAAL_EN_CULTUUR|BEKOSTIGD|N|B|N|J|J|J|
BLB||800000060|||||||0|0|0|1|3|3|1|2|1|2|3|2||||
BRD||800000060|99XX|99XX000602023|N|jl|LAAG|34002|HBO-BA|B|20230901|20240831|N|S|VT|20230915|12|ECONOMIE|BEKOSTIGD|N|B|N|J|J
BLB||800000072|||||||1|1|0|0|2|0|1|3|3|3|3|3||||
BRD||800000072|99XX|99XX000722023|J|pi|HOOG|34001|HBO-BA|B|20230901|20240831|J|S|VT|20230915|12|TECHNIEK|BEKOSTIGD|N|B|N|J|J
BLB||800000084|||20230625||||0|2|3|3|0|2|2|-1|2|1|1|1||||
BRD||800000084|99XX|99XX000842023|J|pi|LAAG|34005|HBO-BA|B|20230901|20240831|J|S|VT|20230915|12|ONDERWIJS|BEKOSTIGD|N|B|N|J|J
BRR||800000084|99XX|R000842023|J|pg|LAAG|1|34005|HBO-BA|B|J|20230625|VT|20230715|ONDERWIJS|BEKOSTIGD|N|B|N|J|J|J|
BLB||800000096|||20230625||||1|1|3|2|1|0|1|-1|0|3|0|1||||
BRD||800000096|99XX|99XX000962023|J|pi|LAAG|34003|HBO-AD|A|20230901|20240831|J|S|VT|20230915|12|ECONOMIE|BEKOSTIGD|N|D|N|J|J
BRR||800000096|99XX|R000962023|J|pg|LAAG|1|34003|HBO-AD|A|J|20230625|VT|20230715|ECONOMIE|BEKOSTIGD|N|D|N|J|J|J|
BLB||800000108|||||||1|3|3|2|3|-1|3|2|1|2|1|1||||
BRD||800000108|99XX|99XX001082023|J|pi|HOOG|34004|HBO-MA|M|20230901|20240831|J|S|VT|20230915|12|GEZONDHEIDSZORG|BEKOSTIGD|N|M|N|J|J
BLB||800000120|||||||0|1|1|3|0|3|3|3|3|2|1|0||||
BRD||800000120|99XX|99XX001202023|J|pi|LAAG|34005|HBO-BA|B|20230901|20240831|J|S|VT|20230915|12|ONDERWIJS|BEKOSTIGD|N|B|N|J|J
BLB||800000132|||||||0|0|2|0|2|1|2|1|0|3|0|2||||
BRD||800000132|99XX|99XX001322022|N|mv|LAAG|34006|HBO-BA|B|20220901|20230831|J|S|VT|20220915|12|TAAL_EN_CULTUUR|BEKOSTIGD|N|B|N|J|J
BLB||800000144|||||||3|1|2|0|0|1|3|0|2|1|2|2||||
BRD||800000144|99XX|99XX001442023|J|pi|LAAG|56001|WO-BA|B|20230901|20240831|J|S|DT|20230915|12|RECHT|BEKOSTIGD|N|B|N|J|J
BRR||800000144|99XX|R001442023|N|np|LAAG|1|56001|WO-BA|D|N|20230625|DT|20230715|RECHT|BEKOSTIGD|N|B|N|N|J|J|
SLR|150|164|47|||||||||||||||||||||
