VLP|99XX|20250301||||||||||||||||||||||
HRD|700000001|800000001|2022|99XX|99XX000012020|J|pi|HOOG|34001|HBO-BA|B|20200901|20210831|J|S|VT|20200915|12|60.0|60.0|TECHNIEK|BEKOSTIGD|N|B|N||J|J|J
HRD|700000001|800000001|2023|99XX|99XX000012021|J|pi|HOOG|34001|HBO-BA|B|20210901|20220831|J|S|VT|20210915|12|60.0|60.0|TECHNIEK|BEKOSTIGD|N|B|N||J|J|J
HRD|700000002|800000002|2021|99XX|99XX000022019|J|pi|LAAG|34003|HBO-AD|A|20190901|20200831|J|S|VT|20190915|12|60.0|60.0|ECONOMIE|BEKOSTIGD|N|D|N||J|J|J
HRD|700000002|800000002|2022|99XX|99XX000022020|J|pi|LAAG|34003|HBO-AD|A|20200901|20210831|J|S|VT|20200915|12|60.0|60.0|ECONOMIE|BEKOSTIGD|N|D|N||J|J|J
HRD|700000002|800000002|2024|99XX|99XX000022022|J|pi|LAAG|34003|HBO-AD|A|20220901|20230831|J|S|VT|20220915|12|60.0|60.0|ECONOMIE|BEKOSTIGD|N|D|N||J|J|J
HRD|700000003|800000003|2021|99XX|99XX000032019|J|pi|LAAG|34002|HBO-BA|B|20190901|20200831|J|S|VT|20190915|12|60.0|60.0|ECONOMIE|BEKOSTIGD|N|B|N||J|J|J
HRD|700000003|800000003|2023|99XX|99XX000032021|N|na|LAAG|34002|HBO-BA|B|20210901|20220831|J|S|VT|20210915|12|||ECONOMIE|BEKOSTIGD|N|B|N||N|J|N
HRD|700000003|800000003|2024|99XX|99XX000032022|N|nf|LAAG|34002|HBO-BA|B|20220901|20230831|J|S|VT|20220915|12|||ECONOMIE|BEKOSTIGD|N|B|N||J|J|J
HRD|700000004|800000004|2022|99XX|99XX000042020|J|pi|LAAG|34002|HBO-BA|B|20200901|20210831|J|S|VT|20200915|12|60.0|60.0|ECONOMIE|BEKOSTIGD|N|B|N||J|J|J
HRD|700000004|800000004|2023|99XX|99XX000042021|J|pd|LAAG|34002|HBO-BA|B|20210901|20220831|J|S|VT|20210915|12|60.0|60.0|ECONOMIE|BEKOSTIGD|N|B|N||J|J|J
HRD|700000005|800000005|2021|99XX|99XX000052019|J|pi|HOOG|34001|HBO-BA|B|20190901|20200831|J|S|VT|20190915|12|60.0|60.0|TECHNIEK|BEKOSTIGD|N|B|N||J|J|J
HRD|700000005|800000005|2022|99XX|99XX000052020|J|pi|HOOG|34001|HBO-BA|B|20200901|20210831|J|S|VT|20200915|12|60.0|60.0|TECHNIEK|BEKOSTIGD|N|B|N||J|J|J
HRD|700000005|800000005|2024|99XX|99XX000052022|J|pi|HOOG|34001|HBO-BA|B|20220901|20230831|J|S|VT|20220915|12|60.0|60.0|TECHNIEK|BEKOSTIGD|N|B|N||J|J|J
HRR|700000005|800000005|2024|99XX|R000052022|J|pg|HOOG|1|34001|HBO-BA|B|J|20220625|VT|20220715|TECHNIEK|BEKOSTIGD|N|B|N|J||J|J|J
HRD|700000006|800000006|2021|99XX|99XX000062019|J|pi|LAAG|56001|WO-BA|B|20190901|20200831|J|S|VT|20190915|12|60.0|60.0|RECHT|BEKOSTIGD|N|B|N||J|J|J
HRD|700000006|800000006|2023|99XX|99XX000062021|J|pi|LAAG|56001|WO-BA|B|20210901|20220831|J|S|VT|20210915|12|60.0|60.0|RECHT|BEKOSTIGD|N|B|N||J|J|J
HRD|700000006|800000006|2024|99XX|99XX000062022|J|pi|LAAG|56001|WO-BA|B|20220901|20230831|J|S|VT|20220915|12|60.0|60.0|RECHT|BEKOSTIGD|N|B|N||J|J|J
HRD|700000007|800000007|2022|99XX|99XX000072020|J|pi|HOOG|34001|HBO-BA|B|20200901|20210831|J|S|DT|20200915|12|60.0|60.0|TECHNIEK|BEKOSTIGD|N|B|N||J|J|J
HRD|700000007|800000007|2023|99XX|99XX000072021|J|pi|HOOG|34001|HBO-BA|B|20210901|20220831|J|S|DT|20210915|12|60.0|60.0|TECHNIEK|BEKOSTIGD|N|B|N||J|J|J
HRD|700000008|800000008|2021|99XX|99XX000082019|J|pi|LAAG|56001|WO-BA|B|20190901|20200831|J|S|VT|20190915|12|60.0|60.0|RECHT|BEKOSTIGD|N|B|N||J|J|J
HRD|700000008|800000008|2022|99XX|99XX000082020|J|pi|LAAG|56001|WO-BA|B|20200901|20210831|J|S|VT|20200915|12|60.0|60.0|RECHT|BEKOSTIGD|N|B|N||J|J|J
HRD|700000008|800000008|2024|99XX|99XX000082022|J|pi|LAAG|56001|WO-BA|B|20220901|20230831|J|S|VT|20220915|12|60.0|60.0|RECHT|BEKOSTIGD|N|B|N||J|J|J
HRD|700000009|800000009|2021|99XX|99XX000092019|J|pi|LAAG|34006|HBO-BA|B|20190901|20200831|J|S|VT|20190915|12|60.0|60.0|TAAL_EN_CULTUUR|BEKOSTIGD|N|B|N||J|J|J
HRD|700000009|800000009|2023|99XX|99XX000092021|N|jl|LAAG|34006|HBO-BA|B|20210901|20220831|N|S|VT|20210915|12|||TAAL_EN_CULTUUR|BEKOSTIGD|N|B|N||J|J|J
HRD|700000009|800000009|2024|99XX|99XX000092022|J|pi|LAAG|34006|HBO-BA|B|20220901|20230831|J|S|VT|20220915|12|60.0|60.0|TAAL_EN_CULTUUR|BEKOSTIGD|N|B|N||J|J|J
HRD|700000010|800000010|2022|99XX|99XX000102020|N|nr|LAAG|34006|HBO-BA|B|20200901|20210831|J|S|DT|20200915|12|||TAAL_EN_CULTUUR|BEKOSTIGD|N|B|N||J|N|J
HRD|700000010|800000010|2023|99XX|99XX000102021|N|ti|LAAG|34006|HBO-BA|B|20210901|20220831|J|S|DT|20220301|12|||TAAL_EN_CULTUUR|BEKOSTIGD|N|B|N||J|J|J
HRR|700000010|800000010|2024|99XX|R000102022|J|pg|LAAG|1|34006|HBO-BA|B|J|20220625|DT|20220715|TAAL_EN_CULTUUR|BEKOSTIGD|N|B|N|J||J|J|J
HRD|700000011|800000011|2021|99XX|99XX000112019|J|pi|HOOG|34001|HBO-BA|B|20190901|20200831|J|S|VT|20190915|12|60.0|60.0|TECHNIEK|BEKOSTIGD|N|B|N||J|J|J
HRD|700000011|800000011|2022|99XX|99XX000112020|J|pi|HOOG|34001|HBO-BA|B|20200901|20210831|J|S|VT|20200915|12|60.0|60.0|TECHNIEK|BEKOSTIGD|N|B|N||J|J|J
HRD|700000011|800000011|2024|99XX|99XX000112022|J|pi|HOOG|34001|HBO-BA|B|20220901|20230831|J|S|VT|20220915|12|60.0|60.0|TECHNIEK|BEKOSTIGD|N|B|N||J|J|J
HRD|700000013|800000013|2022|99XX|99XX000132020|J|pi|LAAG|34006|HBO-BA|B|20200901|20210831|J|S|VT|20200915|12|60.0|60.0|TAAL_EN_CULTUUR|BEKOSTIGD|N|B|N||J|J|J
HRD|700000013|800000013|2023|99XX|99XX000132021|J|pi|LAAG|34006|HBO-BA|B|20210901|20220831|J|S|VT|20210915|12|60.0|60.0|TAAL_EN_CULTUUR|BEKOSTIGD|N|B|N||J|J|J
HRD|700000014|800000014|2021|99XX|99XX000142019|N|nf|HOOG|34001|HBO-BA|B|20190901|20200831|J|S|VT|20190915|12|||TECHNIEK|BEKOSTIGD|N|B|N||J|J|J
HRD|700000014|800000014|2022|99XX|99XX000142020|N|nf|HOOG|34001|HBO-BA|B|20200901|20210831|J|S|VT|20200915|12|||TECHNIEK|BEKOSTIGD|N|B|N||J|J|J
HRD|700000014|800000014|2024|99XX|99XX000142022|J|pi|HOOG|34001|HBO-BA|B|20220901|20230831|J|S|VT|20220915|12|60.0|60.0|TECHNIEK|BEKOSTIGD|N|B|N||J|J|J
HRD|700000015|800000015|2021|99XX|99XX000152019|J|pi|LAAG|34002|HBO-BA|B|20190901|20200831|J|S|DT|20190915|12|60.0|60.0|ECONOMIE|BEKOSTIGD|N|B|N||J|J|J
HRD|700000015|800000015|2023|99XX|99XX000152021|J|pi|LAAG|34002|HBO-BA|B|20210901|20220831|J|S|DT|20210915|12|60.0|60.0|ECONOMIE|BEKOSTIGD|N|B|N||J|J|J
HRD|700000015|800000015|2024|99XX|99XX000152022|N|ex|LAAG|34002|HBO-BA|B|20220901|20230831|J|E|DT|20220915|12|||ECONOMIE|BEKOSTIGD|N|B|N||J|J|J
HRR|700000015|800000015|2024|99XX|R000152022|J|pg|LAAG|1|34002|HBO-BA|B|J|20220625|DT|20220715|ECONOMIE|BEKOSTIGD|N|B|N|J||J|J|J
HRD|700000016|800000016|2022|99XX|99XX000162020|J|pi|LAAG|56001|WO-BA|B|20200901|20210831|J|S|VT|20200915|12|60.0|60.0|RECHT|BEKOSTIGD|N|B|N||J|J|J
HRD|700000016|800000016|2023|99XX|99XX000162021|N|nf|LAAG|56001|WO-BA|B|20210901|20220831|J|S|VT|20210915|12|||RECHT|BEKOSTIGD|N|B|N||J|J|J
HRD|700000017|800000017|2021|99XX|99XX000172019|J|pi|LAAG|34006|HBO-BA|B|20190901|20200831|J|S|VT|20190915|12|60.0|60.0|TAAL_EN_CULTUUR|BEKOSTIGD|N|B|N||J|J|J
HRD|700000017|800000017|2022|99XX|99XX000172020|J|pi|LAAG|34006|HBO-BA|B|20200901|20210831|J|S|VT|20200915|12|60.0|60.0|TAAL_EN_CULTUUR|BEKOSTIGD|N|B|N||J|J|J
HRD|700000017|800000017|2024|99XX|99XX000172022|J|pi|LAAG|34006|HBO-BA|B|20220901|20230831|J|S|VT|20220915|12|60.0|60.0|TAAL_EN_CULTUUR|BEKOSTIGD|N|B|N||J|J|J
HRD|700000018|800000018|2021|99XX|99XX000182019|J|pi|LAAG|34005|HBO-BA|B|20190901|20200831|J|S|VT|20190915|12|60.0|60.0|ONDERWIJS|BEKOSTIGD|N|B|N||J|J|J
HRD|700000018|800000018|2023|99XX|99XX000182021|J|pi|LAAG|34005|HBO-BA|B|20210901|20220831|J|S|VT|20210915|12|60.0|60.0|ONDERWIJS|BEKOSTIGD|N|B|N||J|J|J
HRD|700000018|800000018|2024|99XX|99XX000182022|J|pi|LAAG|34005|HBO-BA|B|20220901|20230831|J|S|VT|20220915|12|60.0|60.0|ONDERWIJS|BEKOSTIGD|N|B|N||J|J|J
HRD|700000019|800000019|2022|99XX|99XX000192020|J|pi|LAAG|34002|HBO-BA|B|20200901|20210831|J|S|VT|20200915|12|60.0|60.0|ECONOMIE|BEKOSTIGD|N|B|N||J|J|J
HRD|700000019|800000019|2023|99XX|99XX000192021|N|nr|LAAG|34002|HBO-BA|B|20210901|20220831|J|S|VT|20210915|12|||ECONOMIE|BEKOSTIGD|N|B|N||J|N|J
HRD|700000020|800000020|2021|99XX|99XX000202018|N|mv|HOOG|34004|HBO-MA|M|20180901|20190831|J|S|VT|20180915|12|||GEZONDHEIDSZORG|BEKOSTIGD|N|M|N||J|J|J
HRD|700000020|800000020|2022|99XX|99XX000202020|J|pi|HOOG|34004|HBO-MA|M|20200901|20210831|J|S|VT|20200915|12|60.0|60.0|GEZONDHEIDSZORG|BEKOSTIGD|N|M|N||J|J|J
HRD|700000020|800000020|2024|99XX|99XX000202022|N|nf|HOOG|34004|HBO-MA|M|20220901|20230831|J|S|VT|20220915|12|||GEZONDHEIDSZORG|BEKOSTIGD|N|M|N||J|J|J
HRR|700000020|800000020|2024|99XX|R000202022|J|pg|HOOG|1|34004|HBO-MA|M|J|20220625|VT|20220715|GEZONDHEIDSZORG|BEKOSTIGD|N|M|N|J||J|J|J
HRD|700000021|800000021|2021|99XX|99XX000212019|J|pi|HOOG|34004|HBO-MA|M|20190901|20200831|J|S|VT|20190915|12|60.0|60.0|GEZONDHEIDSZORG|BEKOSTIGD|N|M|N||J|J|J
HRD|700000021|800000021|2023|99XX|99XX000212021|J|pi|HOOG|34004|HBO-MA|M|20210901|20220831|J|S|VT|20210915|12|60.0|60.0|GEZONDHEIDSZORG|BEKOSTIGD|N|M|N||J|J|J
HRD|700000021|800000021|2024|99XX|99XX000212022|J|pi|HOOG|34004|HBO-MA|M|20220901|20230831|J|S|VT|20220915|12|60.0|60.0|GEZONDHEIDSZORG|BEKOSTIGD|N|M|N||J|J|J
HRD|700000022|800000022|2022|99XX|99XX000222020|J|pi|HOOG|34001|HBO-BA|B|20200901|20210831|J|S|VT|20200915|12|60.0|60.0|TECHNIEK|BEKOSTIGD|N|B|N||J|J|J
HRD|700000022|800000022|2023|99XX|99XX000222021|J|pi|HOOG|34001|HBO-BA|B|20210901|20220831|J|S|VT|20210915|12|60.0|60.0|TECHNIEK|BEKOSTIGD|N|B|N||J|J|J
HRD|700000023|800000023|2021|99XX|99XX000232019|N|ng|LAAG|34006|HBO-BA|B|20190901|20200831|J|S|VT|20190915|12|||TAAL_EN_CULTUUR|BEKOSTIGD|N|B|N||J|J|J
HRD|700000023|800000023|2022|99XX|99XX000232020|J|pi|LAAG|34006|HBO-BA|B|20200901|20210831|J|S|VT|20200915|12|60.0|60.0|TAAL_EN_CULTUUR|BEKOSTIGD|N|B|N||J|J|J
HRD|700000023|800000023|2024|99XX|99XX000232022|J|pi|LAAG|34006|HBO-BA|B|20220901|20230831|J|S|VT|20220915|12|60.0|60.0|TAAL_EN_CULTUUR|BEKOSTIGD|N|B|N||J|J|J
HRD|700000025|800000025|2022|99XX|99XX000252020|J|pi|LAAG|56002|WO-MA|M|20200901|20210831|J|S|VT|20200915|12|60.0|60.0|GEDRAG_EN_MAATSCHAPPIJ|BEKOSTIGD|N|M|N||J|J|J
HRD|700000025|800000025|2023|99XX|99XX000252021|J|pi|LAAG|56002|WO-MA|M|20210901|20220831|J|S|VT|20210915|12|60.0|60.0|GEDRAG_EN_MAATSCHAPPIJ|BEKOSTIGD|N|M|N||J|J|J
HRR|700000025|800000025|2024|99XX|R000252022|J|pg|LAAG|1|56002|WO-MA|M|J|20220625|VT|20220715|GEDRAG_EN_MAATSCHAPPIJ|BEKOSTIGD|N|M|N|J||J|J|J
HRD|700000026|800000026|2021|99XX|99XX000262019|J|pi|LAAG|34005|HBO-BA|B|20190901|20200831|J|S|VT|20190915|12|60.0|60.0|ONDERWIJS|BEKOSTIGD|N|B|N||J|J|J
HRD|700000026|800000026|2022|99XX|99XX000262020|J|pi|LAAG|34005|HBO-BA|B|20200901|20210831|J|S|VT|20200915|12|60.0|60.0|ONDERWIJS|BEKOSTIGD|N|B|N||J|J|J
HRD|700000026|800000026|2024|99XX|99XX000262022|J|pi|LAAG|34005|HBO-BA|B|20220901|20230831|J|S|VT|20220915|12|60.0|60.0|ONDERWIJS|BEKOSTIGD|N|B|N||J|J|J
HRD|700000027|800000027|2021|99XX|99XX000272019|J|pi|LAAG|56001|WO-BA|B|20190901|20200831|J|S|VT|20190915|12|60.0|60.0|RECHT|BEKOSTIGD|N|B|N||J|J|J
HRD|700000027|800000027|2023|99XX|99XX000272021|J|pi|LAAG|56001|WO-BA|B|20210901|20220831|J|S|VT|20210915|12|60.0|60.0|RECHT|BEKOSTIGD|N|B|N||J|J|J
HRD|700000027|800000027|2024|99XX|99XX000272022|J|pi|LAAG|56001|WO-BA|B|20220901|20230831|J|S|VT|20220915|12|60.0|60.0|RECHT|BEKOSTIGD|N|B|N||J|J|J
HRD|700000028|800000028|2022|99XX|99XX000282020|J|pi|LAAG|34003|HBO-AD|A|20200901|20210831|J|S|VT|20200915|12|60.0|60.0|ECONOMIE|BEKOSTIGD|N|D|N||J|J|J
HRD|700000028|800000028|2023|99XX|99XX000282021|J|pi|LAAG|34003|HBO-AD|A|20210901|20220831|J|S|VT|20210915|12|60.0|60.0|ECONOMIE|BEKOSTIGD|N|D|N||J|J|J
HRD|700000029|800000029|2021|99XX|99XX000292019|J|pi|HOOG|34001|HBO-BA|B|20190901|20200831|J|S|DT|20190915|12|60.0|60.0|TECHNIEK|BEKOSTIGD|N|B|N||J|J|J
HRD|700000029|800000029|2022|99XX|99XX000292020|J|pi|HOOG|34001|HBO-BA|B|20200901|20210831|J|S|DT|20200915|12|60.0|60.0|TECHNIEK|BEKOSTIGD|N|B|N||J|J|J
HRD|700000029|800000029|2024|99XX|99XX000292022|N|ng|HOOG|34001|HBO-BA|B|20220901|20230831|J|S|DT|20220915|12|||TECHNIEK|BEKOSTIGD|N|B|N||J|J|J
HRD|700000030|800000030|2021|99XX|99XX000302019|J|pi|LAAG|34003|HBO-AD|A|20190901|20200831|J|S|DT|20190915|12|60.0|60.0|ECONOMIE|BEKOSTIGD|N|D|N||J|J|J
HRD|700000030|800000030|2023|99XX|99XX000302021|J|pi|LAAG|34003|HBO-AD|A|20210901|20220831|J|S|DT|20210915|12|60.0|60.0|ECONOMIE|BEKOSTIGD|N|D|N||J|J|J
HRD|700000030|800000030|2024|99XX|99XX000302022|N|jl|LAAG|34003|HBO-AD|A|20220901|20230831|N|S|DT|20220915|12|||ECONOMIE|BEKOSTIGD|N|D|N||J|J|J
HRR|700000030|800000030|2024|99XX|R000302022|J|pg|LAAG|1|34003|HBO-AD|A|J|20220625|DT|20220715|ECONOMIE|BEKOSTIGD|N|D|N|J||J|J|J
HRD|700000031|800000031|2022|99XX|99XX000312019|N|mv|LAAG|34002|HBO-BA|B|20190901|20200831|J|S|VT|20190915|12|||ECONOMIE|BEKOSTIGD|N|B|N||J|J|J
HRD|700000031|800000031|2023|99XX|99XX000312021|J|pi|LAAG|34002|HBO-BA|B|20210901|20220831|J|S|VT|20210915|12|60.0|60.0|ECONOMIE|BEKOSTIGD|N|B|N||J|J|J
HRD|700000032|800000032|2021|99XX|99XX000322018|N|mv|LAAG|56002|WO-MA|M|20180901|20190831|J|S|VT|20180915|12|||GEDRAG_EN_MAATSCHAPPIJ|BEKOSTIGD|N|M|N||J|J|J
HRD|700000032|800000032|2022|99XX|99XX000322020|N|ex|LAAG|56002|WO-MA|M|20200901|20210831|J|E|VT|20200915|12|||GEDRAG_EN_MAATSCHAPPIJ|BEKOSTIGD|N|M|N||J|J|J
HRD|700000032|800000032|2024|99XX|99XX000322022|N|ti|LAAG|56002|WO-MA|M|20220901|20230831|J|S|VT|20230301|12|||GEDRAG_EN_MAATSCHAPPIJ|BEKOSTIGD|N|M|N||J|J|J
HRD|700000033|800000033|2021|99XX|99XX000332019|J|pi|HOOG|34001|HBO-BA|B|20190901|20200831|J|S|VT|20190915|12|60.0|60.0|TECHNIEK|BEKOSTIGD|N|B|N||J|J|J
HRD|700000033|800000033|2023|99XX|99XX000332020|N|mv|HOOG|34001|HBO-BA|B|20200901|20210831|J|S|VT|20200915|12|||TECHNIEK|BEKOSTIGD|N|B|N||J|J|J
HRD|700000033|800000033|2024|99XX|99XX000332022|J|pi|HOOG|34001|HBO-BA|B|20220901|20230831|J|S|VT|20220915|12|60.0|60.0|TECHNIEK|BEKOSTIGD|N|B|N||J|J|J
HRD|700000034|800000034|2022|99XX|99XX000342020|J|pi|LAAG|34005|HBO-BA|B|20200901|20210831|J|S|DT|20200915|12|60.0|60.0|ONDERWIJS|BEKOSTIGD|N|B|N||J|J|J
HRD|700000034|800000034|2023|99XX|99XX000342021|J|pi|LAAG|34005|HBO-BA|B|20210901|20220831|J|S|DT|20210915|12|60.0|60.0|ONDERWIJS|BEKOSTIGD|N|B|N||J|J|J
HRD|700000035|800000035|2021|99XX|99XX000352019|J|pi|LAAG|34005|HBO-BA|B|20190901|20200831|J|S|VT|20190915|12|60.0|60.0|ONDERWIJS|BEKOSTIGD|N|B|N||J|J|J
HRD|700000035|800000035|2022|99XX|99XX000352020|J|pi|LAAG|34005|HBO-BA|B|20200901|20210831|J|S|VT|20200915|12|60.0|60.0|ONDERWIJS|BEKOSTIGD|N|B|N||J|J|J
HRD|700000035|800000035|2024|99XX|99XX000352022|N|ng|LAAG|34005|HBO-BA|B|20220901|20230831|J|S|VT|20220915|12|||ONDERWIJS|BEKOSTIGD|N|B|N||J|J|J
HRR|700000035|800000035|2024|99XX|R000352022|J|pg|LAAG|1|34005|HBO-BA|B|J|20220625|VT|20220715|ONDERWIJS|BEKOSTIGD|N|B|N|J||J|J|J
HRD|700000037|800000037|2022|99XX|99XX000372020|N|na|LAAG|34002|HBO-BA|B|20200901|20210831|J|S|DT|20200915|12|||ECONOMIE|BEKOSTIGD|N|B|N||N|J|N
HRD|700000037|800000037|2023|99XX|99XX000372021|J|pi|LAAG|34002|HBO-BA|B|20210901|20220831|J|S|DT|20210915|12|60.0|60.0|ECONOMIE|BEKOSTIGD|N|B|N||J|J|J
HRD|700000038|800000038|2021|99XX|99XX000382019|J|pi|HOOG|34004|HBO-MA|M|20190901|20200831|J|S|VT|20190915|12|60.0|60.0|GEZONDHEIDSZORG|BEKOSTIGD|N|M|N||J|J|J
HRD|700000038|800000038|2022|99XX|99XX000382020|J|pi|HOOG|34004|HBO-MA|M|20200901|20210831|J|S|VT|20200915|12|60.0|60.0|GEZONDHEIDSZORG|BEKOSTIGD|N|M|N||J|J|J
HRD|700000038|800000038|2024|99XX|99XX000382022|N|ti|HOOG|34004|HBO-MA|M|20220901|20230831|J|S|VT|20230301|12|||GEZONDHEIDSZORG|BEKOSTIGD|N|M|N||J|J|J
HRD|700000039|800000039|2021|99XX|99XX000392019|J|pi|HOOG|34001|HBO-BA|B|20190901|20200831|J|S|VT|20190915|12|60.0|60.0|TECHNIEK|BEKOSTIGD|N|B|N||J|J|J
HRD|700000039|800000039|2023|99XX|99XX000392021|J|pi|HOOG|34001|HBO-BA|B|20210901|20220831|J|S|VT|20210915|12|60.0|60.0|TECHNIEK|BEKOSTIGD|N|B|N||J|J|J
HRD|700000039|800000039|2024|99XX|99XX000392022|J|pi|HOOG|34001|HBO-BA|B|20220901|20230831|J|S|VT|20220915|12|60.0|60.0|TECHNIEK|BEKOSTIGD|N|B|N||J|J|J
HRD|700000040|800000040|2022|99XX|99XX000402020|J|pi|LAAG|34002|HBO-BA|B|20200901|20210831|J|S|DU|20200915|12|60.0|60.0|ECONOMIE|BEKOSTIGD|N|B|N||J|J|J
HRD|700000040|800000040|2023|99XX|99XX000402021|J|pi|LAAG|34002|HBO-BA|B|20210901|20220831|J|S|DU|20210915|12|60.0|60.0|ECONOMIE|BEKOSTIGD|N|B|N||J|J|J
HRR|700000040|800000040|2024|99XX|R000402022|J|pg|LAAG|1|34002|HBO-BA|B|J|20220625|DU|20220715|ECONOMIE|BEKOSTIGD|N|B|N|J||J|J|J
HRD|700000041|800000041|2021|99XX|99XX000412019|J|pi|LAAG|34005|HBO-BA|B|20190901|20200831|J|S|VT|20190915|12|60.0|60.0|ONDERWIJS|BEKOSTIGD|N|B|N||J|J|J
HRD|700000041|800000041|2022|99XX|99XX000412019|N|mv|LAAG|34005|HBO-BA|B|20190901|20200831|J|S|VT|20190915|12|||ONDERWIJS|BEKOSTIGD|N|B|N||J|J|J
HRD|700000041|800000041|2024|99XX|99XX000412022|J|pi|LAAG|34005|HBO-BA|B|20220901|20230831|J|S|VT|20220915|12|60.0|60.0|ONDERWIJS|BEKOSTIGD|N|B|N||J|J|J
HRD|700000042|800000042|2021|99XX|99XX000422019|J|pi|LAAG|34002|HBO-BA|B|20190901|20200831|J|S|VT|20190915|12|60.0|60.0|ECONOMIE|BEKOSTIGD|N|B|N||J|J|J
HRD|700000042|800000042|2023|99XX|99XX000422021|J|pi|LAAG|34002|HBO-BA|B|20210901|20220831|J|S|VT|20210915|12|60.0|60.0|ECONOMIE|BEKOSTIGD|N|B|N||J|J|J
HRD|700000042|800000042|2024|99XX|99XX000422022|J|pi|LAAG|34002|HBO-BA|B|20220901|20230831|J|S|VT|20220915|12|60.0|60.0|ECONOMIE|BEKOSTIGD|N|B|N||J|J|J
HRD|700000043|800000043|2022|99XX|99XX000432020|J|pi|LAAG|34002|HBO-BA|B|20200901|20210831|J|S|DU|20200915|12|60.0|60.0|ECONOMIE|BEKOSTIGD|N|B|N||J|J|J
HRD|700000043|800000043|2023|99XX|99XX000432021|J|pi|LAAG|34002|HBO-BA|B|20210901|20220831|J|S|DU|20210915|12|60.0|60.0|ECONOMIE|BEKOSTIGD|N|B|N||J|J|J
HRD|700000044|800000044|2021|99XX|99XX000442019|N|ti|LAAG|34003|HBO-AD|A|20190901|20200831|J|S|VT|20200301|12|||ECONOMIE|BEKOSTIGD|N|D|N||J|J|J
HRD|700000044|800000044|2022|99XX|99XX000442020|J|pi|LAAG|34003|HBO-AD|A|20200901|20210831|J|S|VT|20200915|12|60.0|60.0|ECONOMIE|BEKOSTIGD|N|D|N||J|J|J
HRD|700000044|800000044|2024|99XX|99XX000442022|N|ti|LAAG|34003|HBO-AD|A|20220901|20230831|J|S|VT|20230301|12|||ECONOMIE|BEKOSTIGD|N|D|N||J|J|J
HRD|700000045|800000045|2021|99XX|99XX000452019|J|pi|LAAG|34003|HBO-AD|A|20190901|20200831|J|S|VT|20190915|12|60.0|60.0|ECONOMIE|BEKOSTIGD|N|D|N||J|J|J
HRD|700000045|800000045|2023|99XX|99XX000452021|J|pi|LAAG|34003|HBO-AD|A|20210901|20220831|J|S|VT|20210915|12|60.0|60.0|ECONOMIE|BEKOSTIGD|N|D|N||J|J|J
HRD|700000045|800000045|2024|99XX|99XX000452022|J|pi|LAAG|34003|HBO-AD|A|20220901|20230831|J|S|VT|20220915|12|60.0|60.0|ECONOMIE|BEKOSTIGD|N|D|N||J|J|J
HRR|700000045|800000045|2024|99XX|R000452022|J|pg|LAAG|1|34003|HBO-AD|A|J|20220625|VT|20220715|ECONOMIE|BEKOSTIGD|N|D|N|J||J|J|J
HRD|700000046|800000046|2022|99XX|99XX000462020|J|pi|LAAG|56001|WO-BA|B|20200901|20210831|J|S|DU|20200915|12|60.0|60.0|RECHT|BEKOSTIGD|N|B|N||J|J|J
HRD|700000046|800000046|2023|99XX|99XX000462021|J|pd|LAAG|56001|WO-BA|B|20210901|20220831|J|S|DU|20210915|12|60.0|60.0|RECHT|BEKOSTIGD|N|B|N||J|J|J
HRD|700000047|800000047|2021|99XX|99XX000472019|N|na|HOOG|34004|HBO-MA|M|20190901|20200831|J|S|VT|20190915|12|||GEZONDHEIDSZORG|BEKOSTIGD|N|M|N||N|J|N
HRD|700000047|800000047|2022|99XX|99XX000472020|J|pi|HOOG|34004|HBO-MA|M|20200901|20210831|J|S|VT|20200915|12|60.0|60.0|GEZONDHEIDSZORG|BEKOSTIGD|N|M|N||J|J|J
HRD|700000047|800000047|2024|99XX|99XX000472022|J|pi|HOOG|34004|HBO-MA|M|20220901|20230831|J|S|VT|20220915|12|60.0|60.0|GEZONDHEIDSZORG|BEKOSTIGD|N|M|N||J|J|J
HRD|700000049|800000049|2022|99XX|99XX000492020|N|jl|LAAG|34002|HBO-BA|B|20200901|20210831|N|S|VT|20200915|12|||ECONOMIE|BEKOSTIGD|N|B|N||J|J|J
HRD|700000049|800000049|2023|99XX|99XX000492021|J|pi|LAAG|34002|HBO-BA|B|20210901|20220831|J|S|VT|20210915|12|60.0|60.0|ECONOMIE|BEKOSTIGD|N|B|N||J|J|J
HRD|700000050|800000050|2021|99XX|99XX000502019|J|pi|HOOG|34001|HBO-BA|B|20190901|20200831|J|S|VT|20190915|12|60.0|60.0|TECHNIEK|BEKOSTIGD|N|B|N||J|J|J
HRD|700000050|800000050|2022|99XX|99XX000502020|J|pi|HOOG|34001|HBO-BA|B|20200901|20210831|J|S|VT|20200915|12|60.0|60.0|TECHNIEK|BEKOSTIGD|N|B|N||J|J|J
HRD|700000050|800000050|2024|99XX|99XX000502022|J|pi|HOOG|34001|HBO-BA|B|20220901|20230831|J|S|VT|20220915|12|60.0|60.0|TECHNIEK|BEKOSTIGD|N|B|N||J|J|J
HRR|700000050|800000050|2024|99XX|R000502022|J|pg|HOOG|1|34001|HBO-BA|B|J|20220625|VT|20220715|TECHNIEK|BEKOSTIGD|N|B|N|J||J|J|J
HRD|700000051|800000051|2021|99XX|99XX000512019|J|pi|HOOG|34004|HBO-MA|M|20190901|20200831|J|S|VT|20190915|12|60.0|60.0|GEZONDHEIDSZORG|BEKOSTIGD|N|M|N||J|J|J
HRD|700000051|800000051|2023|99XX|99XX000512020|N|mv|HOOG|34004|HBO-MA|M|20200901|20210831|J|S|VT|20200915|12|||GEZONDHEIDSZORG|BEKOSTIGD|N|M|N||J|J|J
HRD|700000051|800000051|2024|99XX|99XX000512022|J|pi|HOOG|34004|HBO-MA|M|20220901|20230831|J|S|VT|20220915|12|60.0|60.0|GEZONDHEIDSZORG|BEKOSTIGD|N|M|N||J|J|J
HRD|700000052|800000052|2022|99XX|99XX000522020|J|pi|HOOG|34001|HBO-BA|B|20200901|20210831|J|S|VT|20200915|12|60.0|60.0|TECHNIEK|BEKOSTIGD|N|B|N||J|J|J
HRD|700000052|800000052|2023|99XX|99XX000522021|J|pi|HOOG|34001|HBO-BA|B|20210901|20220831|J|S|VT|20210915|12|60.0|60.0|TECHNIEK|BEKOSTIGD|N|B|N||J|J|J
HRD|700000053|800000053|2021|99XX|99XX000532019|J|pi|LAAG|34006|HBO-BA|B|20190901|20200831|J|S|VT|20190915|12|60.0|60.0|TAAL_EN_CULTUUR|BEKOSTIGD|N|B|N||J|J|J
HRD|700000053|800000053|2022|99XX|99XX000532020|J|pi|LAAG|34006|HBO-BA|B|20200901|20210831|J|S|VT|20200915|12|60.0|60.0|TAAL_EN_CULTUUR|BEKOSTIGD|N|B|N||J|J|J
HRD|700000053|800000053|2024|99XX|99XX000532021|N|mv|LAAG|34006|HBO-BA|B|20210901|20220831|J|S|VT|20210915|12|||TAAL_EN_CULTUUR|BEKOSTIGD|N|B|N||J|J|J
HRD|700000054|800000054|2021|99XX|99XX000542019|J|pi|LAAG|56002|WO-MA|M|20190901|20200831|J|S|VT|20190915|12|60.0|60.0|GEDRAG_EN_MAATSCHAPPIJ|BEKOSTIGD|N|M|N||J|J|J
HRD|700000054|800000054|2023|99XX|99XX000542021|J|pi|LAAG|56002|WO-MA|M|20210901|20220831|J|S|VT|20210915|12|60.0|60.0|GEDRAG_EN_MAATSCHAPPIJ|BEKOSTIGD|N|M|N||J|J|J
HRD|700000054|800000054|2024|99XX|99XX000542022|J|pi|LAAG|56002|WO-MA|M|20220901|20230831|J|S|VT|20220915|12|60.0|60.0|GEDRAG_EN_MAATSCHAPPIJ|BEKOSTIGD|N|M|N||J|J|J
HRD|700000055|800000055|2022|99XX|99XX000552020|J|pi|LAAG|56002|WO-MA|M|20200901|20210831|J|S|VT|20200915|12|60.0|60.0|GEDRAG_EN_MAATSCHAPPIJ|BEKOSTIGD|N|M|N||J|J|J
HRD|700000055|800000055|2023|99XX|99XX000552021|J|pi|LAAG|56002|WO-MA|M|20210901|20220831|J|S|VT|20210915|12|60.0|60.0|GEDRAG_EN_MAATSCHAPPIJ|BEKOSTIGD|N|M|N||J|J|J
HRR|700000055|800000055|2024|99XX|R000552022|J|pg|LAAG|1|56002|WO-MA|M|J|20220625|VT|20220715|GEDRAG_EN_MAATSCHAPPIJ|BEKOSTIGD|N|M|N|J||J|J|J
HRD|700000056|800000056|2021|99XX|99XX000562019|J|pi|LAAG|56001|WO-BA|B|20190901|20200831|J|S|VT|20190915|12|60.0|60.0|RECHT|BEKOSTIGD|N|B|N||J|J|J
HRD|700000056|800000056|2022|99XX|99XX000562020|J|pi|LAAG|56001|WO-BA|B|20200901|20210831|J|S|VT|20200915|12|60.0|60.0|RECHT|BEKOSTIGD|N|B|N||J|J|J
HRD|700000056|800000056|2024|99XX|99XX000562022|J|pi|LAAG|56001|WO-BA|B|20220901|20230831|J|S|VT|20220915|12|60.0|60.0|RECHT|BEKOSTIGD|N|B|N||J|J|J
HRD|700000057|800000057|2021|99XX|99XX000572019|J|pi|LAAG|56001|WO-BA|B|20190901|20200831|J|S|VT|20190915|12|60.0|60.0|RECHT|BEKOSTIGD|N|B|N||J|J|J
HRD|700000057|800000057|2023|99XX|99XX000572021|J|pi|LAAG|56001|WO-BA|B|20210901|20220831|J|S|VT|20210915|12|60.0|60.0|RECHT|BEKOSTIGD|N|B|N||J|J|J
HRD|700000057|800000057|2024|99XX|99XX000572022|J|pi|LAAG|56001|WO-BA|B|20220901|20230831|J|S|VT|20220915|12|60.0|60.0|RECHT|BEKOSTIGD|N|B|N||J|J|J
HRD|700000058|800000058|2022|99XX|99XX000582020|J|pi|HOOG|34001|HBO-BA|B|20200901|20210831|J|S|VT|20200915|12|60.0|60.0|TECHNIEK|BEKOSTIGD|N|B|N||J|J|J
HRD|700000058|800000058|2023|99XX|99XX000582021|J|pi|HOOG|34001|HBO-BA|B|20210901|20220831|J|S|VT|20210915|12|60.0|60.0|TECHNIEK|BEKOSTIGD|N|B|N||J|J|J
HRD|700000059|800000059|2021|99XX|99XX000592019|J|pi|LAAG|34002|HBO-BA|B|20190901|20200831|J|S|VT|20190915|12|60.0|60.0|ECONOMIE|BEKOSTIGD|N|B|N||J|J|J
HRD|700000059|800000059|2022|99XX|99XX000592020|J|pi|LAAG|34002|HBO-BA|B|20200901|20210831|J|S|VT|20200915|12|60.0|60.0|ECONOMIE|BEKOSTIGD|N|B|N||J|J|J
HRD|700000059|800000059|2024|99XX|99XX000592022|J|pi|LAAG|34002|HBO-BA|B|20220901|20230831|J|S|VT|20220915|12|60.0|60.0|ECONOMIE|BEKOSTIGD|N|B|N||J|J|J
HRD|700000061|800000061|2022|99XX|99XX000612020|J|pi|LAAG|56002|WO-MA|M|20200901|20210831|J|S|VT|20200915|12|60.0|60.0|GEDRAG_EN_MAATSCHAPPIJ|BEKOSTIGD|N|M|N||J|J|J
HRD|700000061|800000061|2023|99XX|99XX000612021|N|jl|LAAG|56002|WO-MA|M|20210901|20220831|N|S|VT|20210915|12|||GEDRAG_EN_MAATSCHAPPIJ|BEKOSTIGD|N|M|N||J|J|J
HRD|700000062|800000062|2021|99XX|99XX000622019|J|pi|LAAG|56002|WO-MA|M|20190901|20200831|J|S|VT|20190915|12|60.0|60.0|GEDRAG_EN_MAATSCHAPPIJ|BEKOSTIGD|N|M|N||J|J|J
HRD|700000062|800000062|2022|99XX|99XX000622019|N|mv|LAAG|56002|WO-MA|M|20190901|20200831|J|S|VT|20190915|12|||GEDRAG_EN_MAATSCHAPPIJ|BEKOSTIGD|N|M|N||J|J|J
HRD|700000062|800000062|2024|99XX|99XX000622022|N|ti|LAAG|56002|WO-MA|M|20220901|20230831|J|S|VT|20230301|12|||GEDRAG_EN_MAATSCHAPPIJ|BEKOSTIGD|N|M|N||J|J|J
HRD|700000063|800000063|2021|99XX|99XX000632019|J|pi|LAAG|56002|WO-MA|M|20190901|20200831|J|S|DT|20190915|12|60.0|60.0|GEDRAG_EN_MAATSCHAPPIJ|BEKOSTIGD|N|M|N||J|J|J
HRD|700000063|800000063|2023|99XX|99XX000632021|J|pi|LAAG|56002|WO-MA|M|20210901|20220831|J|S|DT|20210915|12|60.0|60.0|GEDRAG_EN_MAATSCHAPPIJ|BEKOSTIGD|N|M|N||J|J|J
HRD|700000063|800000063|2024|99XX|99XX000632022|J|pi|LAAG|56002|WO-MA|M|20220901|20230831|J|S|DT|20220915|12|60.0|60.0|GEDRAG_EN_MAATSCHAPPIJ|BEKOSTIGD|N|M|N||J|J|J
HRD|700000064|800000064|2022|99XX|99XX000642020|J|pi|LAAG|34002|HBO-BA|B|20200901|20210831|J|S|VT|20200915|12|60.0|60.0|ECONOMIE|BEKOSTIGD|N|B|N||J|J|J
HRD|700000064|800000064|2023|99XX|99XX000642021|J|pi|LAAG|34002|HBO-BA|B|20210901|20220831|J|S|VT|20210915|12|60.0|60.0|ECONOMIE|BEKOSTIGD|N|B|N||J|J|J
HRD|700000065|800000065|2021|99XX|99XX000652019|J|pi|HOOG|34001|HBO-BA|B|20190901|20200831|J|S|DU|20190915|12|60.0|60.0|TECHNIEK|BEKOSTIGD|N|B|N||J|J|J
HRD|700000065|800000065|2022|99XX|99XX000652020|J|pi|HOOG|34001|HBO-BA|B|20200901|20210831|J|S|DU|20200915|12|60.0|60.0|TECHNIEK|BEKOSTIGD|N|B|N||J|J|J
HRD|700000065|800000065|2024|99XX|99XX000652022|J|pi|HOOG|34001|HBO-BA|B|20220901|20230831|J|S|DU|20220915|12|60.0|60.0|TECHNIEK|BEKOSTIGD|N|B|N||J|J|J
HRR|700000065|800000065|2024|99XX|R000652022|J|pg|HOOG|1|34001|HBO-BA|B|J|20220625|DU|20220715|TECHNIEK|BEKOSTIGD|N|B|N|J||J|J|J
HRD|700000066|800000066|2021|99XX|99XX000662018|N|mv|HOOG|34004|HBO-MA|M|20180901|20190831|J|S|VT|20180915|12|||GEZONDHEIDSZORG|BEKOSTIGD|N|M|N||J|J|J
HRD|700000066|800000066|2023|99XX|99XX000662021|N|ng|HOOG|34004|HBO-MA|M|20210901|20220831|J|S|VT|20210915|12|||GEZONDHEIDSZORG|BEKOSTIGD|N|M|N||J|J|J
HRD|700000066|800000066|2024|99XX|99XX000662022|J|pi|HOOG|34004|HBO-MA|M|20220901|20230831|J|S|VT|20220915|12|60.0|60.0|GEZONDHEIDSZORG|BEKOSTIGD|N|M|N||J|J|J
HRD|700000067|800000067|2022|99XX|99XX000672020|J|pi|HOOG|34004|HBO-MA|M|20200901|20210831|J|S|DT|20200915|12|60.0|60.0|GEZONDHEIDSZORG|BEKOSTIGD|N|M|N||J|J|J
HRD|700000067|800000067|2023|99XX|99XX000672021|N|nr|HOOG|34004|HBO-MA|M|20210901|20220831|J|S|DT|20210915|12|||GEZONDHEIDSZORG|BEKOSTIGD|N|M|N||J|N|J
HRD|700000068|800000068|2021|99XX|99XX000682019|J|pi|LAAG|34003|HBO-AD|A|20190901|20200831|J|S|VT|20190915|12|60.0|60.0|ECONOMIE|BEKOSTIGD|N|D|N||J|J|J
HRD|700000068|800000068|2022|99XX|99XX000682020|J|pi|LAAG|34003|HBO-AD|A|20200901|20210831|J|S|VT|20200915|12|60.0|60.0|ECONOMIE|BEKOSTIGD|N|D|N||J|J|J
HRD|700000068|800000068|2024|99XX|99XX000682022|J|pi|LAAG|34003|HBO-AD|A|20220901|20230831|J|S|VT|20220915|12|60.0|60.0|ECONOMIE|BEKOSTIGD|N|D|N||J|J|J
HRD|700000069|800000069|2021|99XX|99XX000692019|N|nf|LAAG|34005|HBO-BA|B|20190901|20200831|J|S|DU|20190915|12|||ONDERWIJS|BEKOSTIGD|N|B|N||J|J|J
HRD|700000069|800000069|2023|99XX|99XX000692021|J|pi|LAAG|34005|HBO-BA|B|20210901|20220831|J|S|DU|20210915|12|60.0|60.0|ONDERWIJS|BEKOSTIGD|N|B|N||J|J|J
HRD|700000069|800000069|2024|99XX|99XX000692022|N|na|LAAG|34005|HBO-BA|B|20220901|20230831|J|S|DU|20220915|12|||ONDERWIJS|BEKOSTIGD|N|B|N||N|J|N
HRD|700000070|800000070|2022|99XX|99XX000702020|J|pi|LAAG|34005|HBO-BA|B|20200901|20210831|J|S|VT|20200915|12|60.0|60.0|ONDERWIJS|BEKOSTIGD|N|B|N||J|J|J
HRD|700000070|800000070|2023|99XX|99XX000702021|J|pi|LAAG|34005|HBO-BA|B|20210901|20220831|J|S|VT|20210915|12|60.0|60.0|ONDERWIJS|BEKOSTIGD|N|B|N||J|J|J
HRR|700000070|800000070|2024|99XX|R000702022|J|pg|LAAG|1|34005|HBO-BA|B|J|20220625|VT|20220715|ONDERWIJS|BEKOSTIGD|N|B|N|J||J|J|J
HRD|700000071|800000071|2021|99XX|99XX000712019|N|ex|LAAG|56002|WO-MA|M|20190901|20200831|J|E|VT|20190915|12|||GEDRAG_EN_MAATSCHAPPIJ|BEKOSTIGD|N|M|N||J|J|J
HRD|700000071|800000071|2022|99XX|99XX000712020|J|pi|LAAG|56002|WO-MA|M|20200901|20210831|J|S|VT|20200915|12|60.0|60.0|GEDRAG_EN_MAATSCHAPPIJ|BEKOSTIGD|N|M|N||J|J|J
HRD|700000071|800000071|2024|99XX|99XX000712022|J|pi|LAAG|56002|WO-MA|M|20220901|20230831|J|S|VT|20220915|12|60.0|60.0|GEDRAG_EN_MAATSCHAPPIJ|BEKOSTIGD|N|M|N||J|J|J
HRD|700000073|800000073|2022|99XX|99XX000732020|J|pi|LAAG|34006|HBO-BA|B|20200901|20210831|J|S|VT|20200915|12|60.0|60.0|TAAL_EN_CULTUUR|BEKOSTIGD|N|B|N||J|J|J
HRD|700000073|800000073|2023|99XX|99XX000732021|N|jl|LAAG|34006|HBO-BA|B|20210901|20220831|N|S|VT|20210915|12|||TAAL_EN_CULTUUR|BEKOSTIGD|N|B|N||J|J|J
HRD|700000074|800000074|2021|99XX|99XX000742019|J|pi|LAAG|34003|HBO-AD|A|20190901|20200831|J|S|VT|20190915|12|60.0|60.0|ECONOMIE|BEKOSTIGD|N|D|N||J|J|J
HRD|700000074|800000074|2022|99XX|99XX000742020|J|pi|LAAG|34003|HBO-AD|A|20200901|20210831|J|S|VT|20200915|12|60.0|60.0|ECONOMIE|BEKOSTIGD|N|D|N||J|J|J
HRD|700000074|800000074|2024|99XX|99XX000742021|N|mv|LAAG|34003|HBO-AD|A|20210901|20220831|J|S|VT|20210915|12|||ECONOMIE|BEKOSTIGD|N|D|N||J|J|J
HRD|700000075|800000075|2021|99XX|99XX000752019|J|pi|LAAG|34003|HBO-AD|A|20190901|20200831|J|S|VT|20190915|12|60.0|60.0|ECONOMIE|BEKOSTIGD|N|D|N||J|J|J
HRD|700000075|800000075|2023|99XX|99XX000752021|J|pi|LAAG|34003|HBO-AD|A|20210901|20220831|J|S|VT|20210915|12|60.0|60.0|ECONOMIE|BEKOSTIGD|N|D|N||J|J|J
HRD|700000075|800000075|2024|99XX|99XX000752022|J|pi|LAAG|34003|HBO-AD|A|20220901|20230831|J|S|VT|20220915|12|60.0|60.0|ECONOMIE|BEKOSTIGD|N|D|N||J|J|J
HRR|700000075|800000075|2024|99XX|R000752022|J|pg|LAAG|1|34003|HBO-AD|A|J|20220625|VT|20220715|ECONOMIE|BEKOSTIGD|N|D|N|J||J|J|J
HRD|700000076|800000076|2022|99XX|99XX000762020|J|pi|HOOG|34004|HBO-MA|M|20200901|20210831|J|S|VT|20200915|12|60.0|60.0|GEZONDHEIDSZORG|BEKOSTIGD|N|M|N||J|J|J
HRD|700000076|800000076|2023|99XX|99XX000762021|J|pi|HOOG|34004|HBO-MA|M|20210901|20220831|J|S|VT|20210915|12|60.0|60.0|GEZONDHEIDSZORG|BEKOSTIGD|N|M|N||J|J|J
HRD|700000077|800000077|2021|99XX|99XX000772019|J|pd|HOOG|34004|HBO-MA|M|20190901|20200831|J|S|VT|20190915|12|60.0|60.0|GEZONDHEIDSZORG|BEKOSTIGD|N|M|N||J|J|J
HRD|700000077|800000077|2022|99XX|99XX000772020|J|pi|HOOG|34004|HBO-MA|M|20200901|20210831|J|S|VT|20200915|12|60.0|60.0|GEZONDHEIDSZORG|BEKOSTIGD|N|M|N||J|J|J
HRD|700000077|800000077|2024|99XX|99XX000772022|J|pi|HOOG|34004|HBO-MA|M|20220901|20230831|J|S|VT|20220915|12|60.0|60.0|GEZONDHEIDSZORG|BEKOSTIGD|N|M|N||J|J|J
HRD|700000078|800000078|2021|99XX|99XX000782019|J|pi|LAAG|34002|HBO-BA|B|20190901|20200831|J|S|VT|20190915|12|60.0|60.0|ECONOMIE|BEKOSTIGD|N|B|N||J|J|J
HRD|700000078|800000078|2023|99XX|99XX000782021|N|nr|LAAG|34002|HBO-BA|B|20210901|20220831|J|S|VT|20210915|12|||ECONOMIE|BEKOSTIGD|N|B|N||J|N|J
HRD|700000078|800000078|2024|99XX|99XX000782022|J|pi|LAAG|34002|HBO-BA|B|20220901|20230831|J|S|VT|20220915|12|60.0|60.0|ECONOMIE|BEKOSTIGD|N|B|N||J|J|J
HRD|700000079|800000079|2022|99XX|99XX000792020|N|jl|LAAG|34006|HBO-BA|B|20200901|20210831|N|S|DU|20200915|12|||TAAL_EN_CULTUUR|BEKOSTIGD|N|B|N||J|J|J
HRD|700000079|800000079|2023|99XX|99XX000792021|N|na|LAAG|34006|HBO-BA|B|20210901|20220831|J|S|DU|20210915|12|||TAAL_EN_CULTUUR|BEKOSTIGD|N|B|N||N|J|N
HRD|700000080|800000080|2021|99XX|99XX000802019|J|pi|LAAG|34006|HBO-BA|B|20190901|20200831|J|S|VT|20190915|12|60.0|60.0|TAAL_EN_CULTUUR|BEKOSTIGD|N|B|N||J|J|J
HRD|700000080|800000080|2022|99XX|99XX000802020|J|pi|LAAG|34006|HBO-BA|B|20200901|20210831|J|S|VT|20200915|12|60.0|60.0|TAAL_EN_CULTUUR|BEKOSTIGD|N|B|N||J|J|J
HRD|700000080|800000080|2024|99XX|99XX000802022|J|pi|LAAG|34006|HBO-BA|B|20220901|20230831|J|S|VT|20220915|12|60.0|60.0|TAAL_EN_CULTUUR|BEKOSTIGD|N|B|N||J|J|J
HRR|700000080|800000080|2024|99XX|R000802022|J|pg|LAAG|1|34006|HBO-BA|B|J|20220625|VT|20220715|TAAL_EN_CULTUUR|BEKOSTIGD|N|B|N|J||J|J|J
HRD|700000081|800000081|2021|99XX|99XX000812019|J|pi|LAAG|34005|HBO-BA|B|20190901|20200831|J|S|VT|20190915|12|60.0|60.0|ONDERWIJS|BEKOSTIGD|N|B|N||J|J|J
HRD|700000081|800000081|2023|99XX|99XX000812021|N|na|LAAG|34005|HBO-BA|B|20210901|20220831|J|S|VT|20210915|12|||ONDERWIJS|BEKOSTIGD|N|B|N||N|J|N
HRD|700000081|800000081|2024|99XX|99XX000812022|J|pi|LAAG|34005|HBO-BA|B|20220901|20230831|J|S|VT|20220915|12|60.0|60.0|ONDERWIJS|BEKOSTIGD|N|B|N||J|J|J
HRD|700000082|800000082|2022|99XX|99XX000822020|J|pi|LAAG|34002|HBO-BA|B|20200901|20210831|J|S|VT|20200915|12|60.0|60.0|ECONOMIE|BEKOSTIGD|N|B|N||J|J|J
HRD|700000082|800000082|2023|99XX|99XX000822021|J|pi|LAAG|34002|HBO-BA|B|20210901|20220831|J|S|VT|20210915|12|60.0|60.0|ECONOMIE|BEKOSTIGD|N|B|N||J|J|J
HRD|700000083|800000083|2021|99XX|99XX000832019|N|na|LAAG|34002|HBO-BA|B|20190901|20200831|J|S|VT|20190915|12|||ECONOMIE|BEKOSTIGD|N|B|N||N|J|N
HRD|700000083|800000083|2022|99XX|99XX000832020|J|pi|LAAG|34002|HBO-BA|B|20200901|20210831|J|S|VT|20200915|12|60.0|60.0|ECONOMIE|BEKOSTIGD|N|B|N||J|J|J
HRD|700000083|800000083|2024|99XX|99XX000832022|J|pi|LAAG|34002|HBO-BA|B|20220901|20230831|J|S|VT|20220915|12|60.0|60.0|ECONOMIE|BEKOSTIGD|N|B|N||J|J|J
HRD|700000085|800000085|2022|99XX|99XX000852020|N|nr|LAAG|34002|HBO-BA|B|20200901|20210831|J|S|DT|20200915|12|||ECONOMIE|BEKOSTIGD|N|B|N||J|N|J
HRD|700000085|800000085|2023|99XX|99XX000852021|J|pi|LAAG|34002|HBO-BA|B|20210901|20220831|J|S|DT|20210915|12|60.0|60.0|ECONOMIE|BEKOSTIGD|N|B|N||J|J|J
HRR|700000085|800000085|2024|99XX|R000852022|J|pg|LAAG|1|34002|HBO-BA|B|J|20220625|DT|20220715|ECONOMIE|BEKOSTIGD|N|B|N|J||J|J|J
HRD|700000086|800000086|2021|99XX|99XX000862019|N|jl|LAAG|34003|HBO-AD|A|20190901|20200831|N|S|VT|20190915|12|||ECONOMIE|BEKOSTIGD|N|D|N||J|J|J
HRD|700000086|800000086|2022|99XX|99XX000862020|J|pi|LAAG|34003|HBO-AD|A|20200901|20210831|J|S|VT|20200915|12|60.0|60.0|ECONOMIE|BEKOSTIGD|N|D|N||J|J|J
HRD|700000086|800000086|2024|99XX|99XX000862022|J|pi|LAAG|34003|HBO-AD|A|20220901|20230831|J|S|VT|20220915|12|60.0|60.0|ECONOMIE|BEKOSTIGD|N|D|N||J|J|J
HRD|700000087|800000087|2021|99XX|99XX000872019|J|pi|LAAG|34005|HBO-BA|B|20190901|20200831|J|S|VT|20190915|12|60.0|60.0|ONDERWIJS|BEKOSTIGD|N|B|N||J|J|J
HRD|700000087|800000087|2023|99XX|99XX000872021|J|pi|LAAG|34005|HBO-BA|B|20210901|20220831|J|S|VT|20210915|12|60.0|60.0|ONDERWIJS|BEKOSTIGD|N|B|N||J|J|J
HRD|700000087|800000087|2024|99XX|99XX000872022|J|pi|LAAG|34005|HBO-BA|B|20220901|20230831|J|S|VT|20220915|12|60.0|60.0|ONDERWIJS|BEKOSTIGD|N|B|N||J|J|J
HRD|700000088|800000088|2022|99XX|99XX000882020|J|pi|HOOG|34001|HBO-BA|B|20200901|20210831|J|S|VT|20200915|12|60.0|60.0|TECHNIEK|BEKOSTIGD|N|B|N||J|J|J
HRD|700000088|800000088|2023|99XX|99XX000882021|J|pi|HOOG|34001|HBO-BA|B|20210901|20220831|J|S|VT|20210915|12|60.0|60.0|TECHNIEK|BEKOSTIGD|N|B|N||J|J|J
HRD|700000089|800000089|2021|99XX|99XX000892019|N|ti|LAAG|34002|HBO-BA|B|20190901|20200831|J|S|DU|20200301|12|||ECONOMIE|BEKOSTIGD|N|B|N||J|J|J
HRD|700000089|800000089|2022|99XX|99XX000892020|J|pi|LAAG|34002|HBO-BA|B|20200901|20210831|J|S|DU|20200915|12|60.0|60.0|ECONOMIE|BEKOSTIGD|N|B|N||J|J|J
HRD|700000089|800000089|2024|99XX|99XX000892022|J|pi|LAAG|34002|HBO-BA|B|20220901|20230831|J|S|DU|20220915|12|60.0|60.0|ECONOMIE|BEKOSTIGD|N|B|N||J|J|J
HRD|700000090|800000090|2021|99XX|99XX000902019|J|pi|LAAG|34002|HBO-BA|B|20190901|20200831|J|S|DT|20190915|12|60.0|60.0|ECONOMIE|BEKOSTIGD|N|B|N||J|J|J
HRD|700000090|800000090|2023|99XX|99XX000902021|J|pi|LAAG|34002|HBO-BA|B|20210901|20220831|J|S|DT|20210915|12|60.0|60.0|ECONOMIE|BEKOSTIGD|N|B|N||J|J|J
HRD|700000090|800000090|2024|99XX|99XX000902022|N|ti|LAAG|34002|HBO-BA|B|20220901|20230831|J|S|DT|20230301|12|||ECONOMIE|BEKOSTIGD|N|B|N||J|J|J
HRR|700000090|800000090|2024|99XX|R000902022|J|pg|LAAG|1|34002|HBO-BA|B|J|20220625|DT|20220715|ECONOMIE|BEKOSTIGD|N|B|N|J||J|J|J
HRD|700000091|800000091|2022|99XX|99XX000912020|J|pi|LAAG|34003|HBO-AD|A|20200901|20210831|J|S|VT|20200915|12|60.0|60.0|ECONOMIE|BEKOSTIGD|N|D|N||J|J|J
HRD|700000091|800000091|2023|99XX|99XX000912021|J|pi|LAAG|34003|HBO-AD|A|20210901|20220831|J|S|VT|20210915|12|60.0|60.0|ECONOMIE|BEKOSTIGD|N|D|N||J|J|J
HRD|700000092|800000092|2021|99XX|99XX000922019|J|pi|LAAG|34006|HBO-BA|B|20190901|20200831|J|S|VT|20190915|12|60.0|60.0|TAAL_EN_CULTUUR|BEKOSTIGD|N|B|N||J|J|J
HRD|700000092|800000092|2022|99XX|99XX000922020|J|pi|LAAG|34006|HBO-BA|B|20200901|20210831|J|S|VT|20200915|12|60.0|60.0|TAAL_EN_CULTUUR|BEKOSTIGD|N|B|N||J|J|J
HRD|700000092|800000092|2024|99XX|99XX000922022|J|pi|LAAG|34006|HBO-BA|B|20220901|20230831|J|S|VT|20220915|12|60.0|60.0|TAAL_EN_CULTUUR|BEKOSTIGD|N|B|N||J|J|J
HRD|700000093|800000093|2021|99XX|99XX000932019|J|pi|LAAG|34005|HBO-BA|B|20190901|20200831|J|S|VT|20190915|12|60.0|60.0|ONDERWIJS|BEKOSTIGD|N|B|N||J|J|J
HRD|700000093|800000093|2023|99XX|99XX000932021|N|ng|LAAG|34005|HBO-BA|B|20210901|20220831|J|S|VT|20210915|12|||ONDERWIJS|BEKOSTIGD|N|B|N||J|J|J
HRD|700000093|800000093|2024|99XX|99XX000932022|J|pi|LAAG|34005|HBO-BA|B|20220901|20230831|J|S|VT|20220915|12|60.0|60.0|ONDERWIJS|BEKOSTIGD|N|B|N||J|J|J
HRD|700000094|800000094|2022|99XX|99XX000942020|J|pi|HOOG|34001|HBO-BA|B|20200901|20210831|J|S|VT|20200915|12|60.0|60.0|TECHNIEK|BEKOSTIGD|N|B|N||J|J|J
HRD|700000094|800000094|2023|99XX|99XX000942021|N|jl|HOOG|34001|HBO-BA|B|20210901|20220831|N|S|VT|20210915|12|||TECHNIEK|BEKOSTIGD|N|B|N||J|J|J
HRD|700000095|800000095|2021|99XX|99XX000952018|N|mv|LAAG|34005|HBO-BA|B|20180901|20190831|J|S|VT|20180915|12|||ONDERWIJS|BEKOSTIGD|N|B|N||J|J|J
HRD|700000095|800000095|2022|99XX|99XX000952020|J|pi|LAAG|34005|HBO-BA|B|20200901|20210831|J|S|VT|20200915|12|60.0|60.0|ONDERWIJS|BEKOSTIGD|N|B|N||J|J|J
HRD|700000095|800000095|2024|99XX|99XX000952021|N|mv|LAAG|34005|HBO-BA|B|20210901|20220831|J|S|VT|20210915|12|||ONDERWIJS|BEKOSTIGD|N|B|N||J|J|J
HRR|700000095|800000095|2024|99XX|R000952022|J|pg|LAAG|1|34005|HBO-BA|B|J|20220625|VT|20220715|ONDERWIJS|BEKOSTIGD|N|B|N|J||J|J|J
HRD|700000097|800000097|2022|99XX|99XX000972020|J|pi|LAAG|56002|WO-MA|M|20200901|20210831|J|S|VT|20200915|12|60.0|60.0|GEDRAG_EN_MAATSCHAPPIJ|BEKOSTIGD|N|M|N||J|J|J
HRD|700000097|800000097|2023|99XX|99XX000972021|J|pi|LAAG|56002|WO-MA|M|20210901|20220831|J|S|VT|20210915|12|60.0|60.0|GEDRAG_EN_MAATSCHAPPIJ|BEKOSTIGD|N|M|N||J|J|J
HRD|700000098|800000098|2021|99XX|99XX000982019|J|pi|HOOG|34001|HBO-BA|B|20190901|20200831|J|S|VT|20190915|12|60.0|60.0|TECHNIEK|BEKOSTIGD|N|B|N||J|J|J
HRD|700000098|800000098|2022|99XX|99XX000982020|J|pi|HOOG|34001|HBO-BA|B|20200901|20210831|J|S|VT|20200915|12|60.0|60.0|TECHNIEK|BEKOSTIGD|N|B|N||J|J|J
HRD|700000098|800000098|2024|99XX|99XX000982022|N|nf|HOOG|34001|HBO-BA|B|20220901|20230831|J|S|VT|20220915|12|||TECHNIEK|BEKOSTIGD|N|B|N||J|J|J
HRD|700000099|800000099|2021|99XX|99XX000992019|J|pi|LAAG|34003|HBO-AD|A|20190901|20200831|J|S|VT|20190915|12|60.0|60.0|ECONOMIE|BEKOSTIGD|N|D|N||J|J|J
HRD|700000099|800000099|2023|99XX|99XX000992021|N|jl|LAAG|34003|HBO-AD|A|20210901|20220831|N|S|VT|20210915|12|||ECONOMIE|BEKOSTIGD|N|D|N||J|J|J
HRD|700000099|800000099|2024|99XX|99XX000992022|J|pi|LAAG|34003|HBO-AD|A|20220901|20230831|J|S|VT|20220915|12|60.0|60.0|ECONOMIE|BEKOSTIGD|N|D|N||J|J|J
HRD|700000100|800000100|2022|99XX|99XX001002020|J|pi|LAAG|34003|HBO-AD|A|20200901|20210831|J|S|VT|20200915|12|60.0|60.0|ECONOMIE|BEKOSTIGD|N|D|N||J|J|J
HRD|700000100|800000100|2023|99XX|99XX001002021|J|pi|LAAG|34003|HBO-AD|A|20210901|20220831|J|S|VT|20210915|12|60.0|60.0|ECONOMIE|BEKOSTIGD|N|D|N||J|J|J
HRR|700000100|800000100|2024|99XX|R001002022|J|pg|LAAG|1|34003|HBO-AD|A|J|20220625|VT|20220715|ECONOMIE|BEKOSTIGD|N|D|N|J||J|J|J
HRD|700000101|800000101|2021|99XX|99XX001012019|N|ng|LAAG|34006|HBO-BA|B|20190901|20200831|J|S|DT|20190915|12|||TAAL_EN_CULTUUR|BEKOSTIGD|N|B|N||J|J|J
HRD|700000101|800000101|2022|99XX|99XX001012020|J|pi|LAAG|34006|HBO-BA|B|20200901|20210831|J|S|DT|20200915|12|60.0|60.0|TAAL_EN_CULTUUR|BEKOSTIGD|N|B|N||J|J|J
HRD|700000101|800000101|2024|99XX|99XX001012022|J|pi|LAAG|34006|HBO-BA|B|20220901|20230831|J|S|DT|20220915|12|60.0|60.0|TAAL_EN_CULTUUR|BEKOSTIGD|N|B|N||J|J|J
HRD|700000102|800000102|2021|99XX|99XX001022019|J|pi|HOOG|34001|HBO-BA|B|20190901|20200831|J|S|DT|20190915|12|60.0|60.0|TECHNIEK|BEKOSTIGD|N|B|N||J|J|J
HRD|700000102|800000102|2023|99XX|99XX001022021|N|ng|HOOG|34001|HBO-BA|B|20210901|20220831|J|S|DT|20210915|12|||TECHNIEK|BEKOSTIGD|N|B|N||J|J|J
HRD|700000102|800000102|2024|99XX|99XX001022022|J|pi|HOOG|34001|HBO-BA|B|20220901|20230831|J|S|DT|20220915|12|60.0|60.0|TECHNIEK|BEKOSTIGD|N|B|N||J|J|J
HRD|700000103|800000103|2022|99XX|99XX001032020|J|pi|HOOG|34004|HBO-MA|M|20200901|20210831|J|S|VT|20200915|12|60.0|60.0|GEZONDHEIDSZORG|BEKOSTIGD|N|M|N||J|J|J
HRD|700000103|800000103|2023|99XX|99XX001032021|J|pi|HOOG|34004|HBO-MA|M|20210901|20220831|J|S|VT|20210915|12|60.0|60.0|GEZONDHEIDSZORG|BEKOSTIGD|N|M|N||J|J|J
HRD|700000104|800000104|2021|99XX|99XX001042018|N|mv|LAAG|56001|WO-BA|B|20180901|20190831|J|S|DU|20180915|12|||RECHT|BEKOSTIGD|N|B|N||J|J|J
HRD|700000104|800000104|2022|99XX|99XX001042019|N|mv|LAAG|56001|WO-BA|B|20190901|20200831|J|S|DU|20190915|12|||RECHT|BEKOSTIGD|N|B|N||J|J|J
HRD|700000104|800000104|2024|99XX|99XX001042022|J|pi|LAAG|56001|WO-BA|B|20220901|20230831|J|S|DU|20220915|12|60.0|60.0|RECHT|BEKOSTIGD|N|B|N||J|J|J
HRD|700000105|800000105|2021|99XX|99XX001052018|N|mv|HOOG|34004|HBO-MA|M|20180901|20190831|J|S|DT|20180915|12|||GEZONDHEIDSZORG|BEKOSTIGD|N|M|N||J|J|J
HRD|700000105|800000105|2023|99XX|99XX001052021|N|ti|HOOG|34004|HBO-MA|M|20210901|20220831|J|S|DT|20220301|12|||GEZONDHEIDSZORG|BEKOSTIGD|N|M|N||J|J|J
HRD|700000105|800000105|2024|99XX|99XX001052021|N|mv|HOOG|34004|HBO-MA|M|20210901|20220831|J|S|DT|20210915|12|||GEZONDHEIDSZORG|BEKOSTIGD|N|M|N||J|J|J
HRR|700000105|800000105|2024|99XX|R001052022|J|pg|HOOG|1|34004|HBO-MA|M|J|20220625|DT|20220715|GEZONDHEIDSZORG|BEKOSTIGD|N|M|N|J||J|J|J
HRD|700000106|800000106|2022|99XX|99XX001062020|N|na|LAAG|34003|HBO-AD|A|20200901|20210831|J|S|DT|20200915|12|||ECONOMIE|BEKOSTIGD|N|D|N||N|J|N
HRD|700000106|800000106|2023|99XX|99XX001062021|J|pi|LAAG|34003|HBO-AD|A|20210901|20220831|J|S|DT|20210915|12|60.0|60.0|ECONOMIE|BEKOSTIGD|N|D|N||J|J|J
HRD|700000107|800000107|2021|99XX|99XX001072019|J|pi|LAAG|34006|HBO-BA|B|20190901|20200831|J|S|DT|20190915|12|60.0|60.0|TAAL_EN_CULTUUR|BEKOSTIGD|N|B|N||J|J|J
HRD|700000107|800000107|2022|99XX|99XX001072020|J|pi|LAAG|34006|HBO-BA|B|20200901|20210831|J|S|DT|20200915|12|60.0|60.0|TAAL_EN_CULTUUR|BEKOSTIGD|N|B|N||J|J|J
HRD|700000107|800000107|2024|99XX|99XX001072022|N|nr|LAAG|34006|HBO-BA|B|20220901|20230831|J|S|DT|20220915|12|||TAAL_EN_CULTUUR|BEKOSTIGD|N|B|N||J|N|J
HRD|700000109|800000109|2022|99XX|99XX001092020|N|ti|LAAG|34002|HBO-BA|B|20200901|20210831|J|S|VT|20210301|12|||ECONOMIE|BEKOSTIGD|N|B|N||J|J|J
HRD|700000109|800000109|2023|99XX|99XX001092021|N|ng|LAAG|34002|HBO-BA|B|20210901|20220831|J|S|VT|20210915|12|||ECONOMIE|BEKOSTIGD|N|B|N||J|J|J
HRD|700000110|800000110|2021|99XX|99XX001102018|N|mv|LAAG|56002|WO-MA|M|20180901|20190831|J|S|VT|20180915|12|||GEDRAG_EN_MAATSCHAPPIJ|BEKOSTIGD|N|M|N||J|J|J
HRD|700000110|800000110|2022|99XX|99XX001102020|J|pi|LAAG|56002|WO-MA|M|20200901|20210831|J|S|VT|20200915|12|60.0|60.0|GEDRAG_EN_MAATSCHAPPIJ|BEKOSTIGD|N|M|N||J|J|J
HRD|700000110|800000110|2024|99XX|99XX001102022|J|pi|LAAG|56002|WO-MA|M|20220901|20230831|J|S|VT|20220915|12|60.0|60.0|GEDRAG_EN_MAATSCHAPPIJ|BEKOSTIGD|N|M|N||J|J|J
HRR|700000110|800000110|2024|99XX|R001102022|J|pg|LAAG|1|56002|WO-MA|M|J|20220625|VT|20220715|GEDRAG_EN_MAATSCHAPPIJ|BEKOSTIGD|N|M|N|J||J|J|J
HRD|700000111|800000111|2021|99XX|99XX001112019|J|pi|LAAG|56002|WO-MA|M|20190901|20200831|J|S|VT|20190915|12|60.0|60.0|GEDRAG_EN_MAATSCHAPPIJ|BEKOSTIGD|N|M|N||J|J|J
HRD|700000111|800000111|2023|99XX|99XX001112021|J|pi|LAAG|56002|WO-MA|M|20210901|20220831|J|S|VT|20210915|12|60.0|60.0|GEDRAG_EN_MAATSCHAPPIJ|BEKOSTIGD|N|M|N||J|J|J
HRD|700000111|800000111|2024|99XX|99XX001112022|J|pi|LAAG|56002|WO-MA|M|20220901|20230831|J|S|VT|20220915|12|60.0|60.0|GEDRAG_EN_MAATSCHAPPIJ|BEKOSTIGD|N|M|N||J|J|J
HRD|700000112|800000112|2022|99XX|99XX001122019|N|mv|HOOG|34004|HBO-MA|M|20190901|20200831|J|S|VT|20190915|12|||GEZONDHEIDSZORG|BEKOSTIGD|N|M|N||J|J|J
HRD|700000112|800000112|2023|99XX|99XX001122021|J|pi|HOOG|34004|HBO-MA|M|20210901|20220831|J|S|VT|20210915|12|60.0|60.0|GEZONDHEIDSZORG|BEKOSTIGD|N|M|N||J|J|J
HRD|700000113|800000113|2021|99XX|99XX001132019|J|pi|LAAG|56001|WO-BA|B|20190901|20200831|J|S|VT|20190915|12|60.0|60.0|RECHT|BEKOSTIGD|N|B|N||J|J|J
HRD|700000113|800000113|2022|99XX|99XX001132020|J|pi|LAAG|56001|WO-BA|B|20200901|20210831|J|S|VT|20200915|12|60.0|60.0|RECHT|BEKOSTIGD|N|B|N||J|J|J
HRD|700000113|800000113|2024|99XX|99XX001132022|J|pi|LAAG|56001|WO-BA|B|20220901|20230831|J|S|VT|20220915|12|60.0|60.0|RECHT|BEKOSTIGD|N|B|N||J|J|J
HRD|700000114|800000114|2021|99XX|99XX001142019|J|pi|LAAG|34005|HBO-BA|B|20190901|20200831|J|S|VT|20190915|12|60.0|60.0|ONDERWIJS|BEKOSTIGD|N|B|N||J|J|J
HRD|700000114|800000114|2023|99XX|99XX001142021|J|pi|LAAG|34005|HBO-BA|B|20210901|20220831|J|S|VT|20210915|12|60.0|60.0|ONDERWIJS|BEKOSTIGD|N|B|N||J|J|J
HRD|700000114|800000114|2024|99XX|99XX001142022|J|pi|LAAG|34005|HBO-BA|B|20220901|20230831|J|S|VT|20220915|12|60.0|60.0|ONDERWIJS|BEKOSTIGD|N|B|N||J|J|J
HRD|700000115|800000115|2022|99XX|99XX001152020|J|pi|LAAG|34006|HBO-BA|B|20200901|20210831|J|S|DU|20200915|12|60.0|60.0|TAAL_EN_CULTUUR|BEKOSTIGD|N|B|N||J|J|J
HRD|700000115|800000115|2023|99XX|99XX001152021|J|pi|LAAG|34006|HBO-BA|B|20210901|20220831|J|S|DU|20210915|12|60.0|60.0|TAAL_EN_CULTUUR|BEKOSTIGD|N|B|N||J|J|J
HRR|700000115|800000115|2024|99XX|R001152022|J|pg|LAAG|1|34006|HBO-BA|B|J|20220625|DU|20220715|TAAL_EN_CULTUUR|BEKOSTIGD|N|B|N|J||J|J|J
HRD|700000116|800000116|2021|99XX|99XX001162019|J|pi|LAAG|34005|HBO-BA|B|20190901|20200831|J|S|VT|20190915|12|60.0|60.0|ONDERWIJS|BEKOSTIGD|N|B|N||J|J|J
HRD|700000116|800000116|2022|99XX|99XX001162020|N|na|LAAG|34005|HBO-BA|B|20200901|20210831|J|S|VT|20200915|12|||ONDERWIJS|BEKOSTIGD|N|B|N||N|J|N
HRD|700000116|800000116|2024|99XX|99XX001162022|N|nf|LAAG|34005|HBO-BA|B|20220901|20230831|J|S|VT|20220915|12|||ONDERWIJS|BEKOSTIGD|N|B|N||J|J|J
HRD|700000117|800000117|2021|99XX|99XX001172019|J|pi|LAAG|34005|HBO-BA|B|20190901|20200831|J|S|VT|20190915|12|60.0|60.0|ONDERWIJS|BEKOSTIGD|N|B|N||J|J|J
HRD|700000117|800000117|2023|99XX|99XX001172021|J|pi|LAAG|34005|HBO-BA|B|20210901|20220831|J|S|VT|20210915|12|60.0|60.0|ONDERWIJS|BEKOSTIGD|N|B|N||J|J|J
HRD|700000117|800000117|2024|99XX|99XX001172022|J|pi|LAAG|34005|HBO-BA|B|20220901|20230831|J|S|VT|20220915|12|60.0|60.0|ONDERWIJS|BEKOSTIGD|N|B|N||J|J|J
HRD|700000118|800000118|2022|99XX|99XX001182020|J|pi|LAAG|34006|HBO-BA|B|20200901|20210831|J|S|VT|20200915|12|60.0|60.0|TAAL_EN_CULTUUR|BEKOSTIGD|N|B|N||J|J|J
HRD|700000118|800000118|2023|99XX|99XX001182021|J|pi|LAAG|34006|HBO-BA|B|20210901|20220831|J|S|VT|20210915|12|60.0|60.0|TAAL_EN_CULTUUR|BEKOSTIGD|N|B|N||J|J|J
HRD|700000119|800000119|2021|99XX|99XX001192018|N|mv|LAAG|34002|HBO-BA|B|20180901|20190831|J|S|VT|20180915|12|||ECONOMIE|BEKOSTIGD|N|B|N||J|J|J
HRD|700000119|800000119|2022|99XX|99XX001192019|N|mv|LAAG|34002|HBO-BA|B|20190901|20200831|J|S|VT|20190915|12|||ECONOMIE|BEKOSTIGD|N|B|N||J|J|J
HRD|700000119|800000119|2024|99XX|99XX001192021|N|mv|LAAG|34002|HBO-BA|B|20210901|20220831|J|S|VT|20210915|12|||ECONOMIE|BEKOSTIGD|N|B|N||J|J|J
HRD|700000121|800000121|2022|99XX|99XX001212020|J|pi|HOOG|34004|HBO-MA|M|20200901|20210831|J|S|VT|20200915|12|60.0|60.0|GEZONDHEIDSZORG|BEKOSTIGD|N|M|N||J|J|J
HRD|700000121|800000121|2023|99XX|99XX001212021|J|pi|HOOG|34004|HBO-MA|M|20210901|20220831|J|S|VT|20210915|12|60.0|60.0|GEZONDHEIDSZORG|BEKOSTIGD|N|M|N||J|J|J
HRD|700000122|800000122|2021|99XX|99XX001222019|J|pi|LAAG|34006|HBO-BA|B|20190901|20200831|J|S|VT|20190915|12|60.0|60.0|TAAL_EN_CULTUUR|BEKOSTIGD|N|B|N||J|J|J
HRD|700000122|800000122|2022|99XX|99XX001222020|J|pi|LAAG|34006|HBO-BA|B|20200901|20210831|J|S|VT|20200915|12|60.0|60.0|TAAL_EN_CULTUUR|BEKOSTIGD|N|B|N||J|J|J
HRD|700000122|800000122|2024|99XX|99XX001222021|N|mv|LAAG|34006|HBO-BA|B|20210901|20220831|J|S|VT|20210915|12|||TAAL_EN_CULTUUR|BEKOSTIGD|N|B|N||J|J|J
HRD|700000123|800000123|2021|99XX|99XX001232019|J|pi|LAAG|34002|HBO-BA|B|20190901|20200831|J|S|VT|20190915|12|60.0|60.0|ECONOMIE|BEKOSTIGD|N|B|N||J|J|J
HRD|700000123|800000123|2023|99XX|99XX001232021|J|pi|LAAG|34002|HBO-BA|B|20210901|20220831|J|S|VT|20210915|12|60.0|60.0|ECONOMIE|BEKOSTIGD|N|B|N||J|J|J
HRD|700000123|800000123|2024|99XX|99XX001232022|J|pi|LAAG|34002|HBO-BA|B|20220901|20230831|J|S|VT|20220915|12|60.0|60.0|ECONOMIE|BEKOSTIGD|N|B|N||J|J|J
HRD|700000124|800000124|2022|99XX|99XX001242020|J|pi|LAAG|34005|HBO-BA|B|20200901|20210831|J|S|VT|20200915|12|60.0|60.0|ONDERWIJS|BEKOSTIGD|N|B|N||J|J|J
HRD|700000124|800000124|2023|99XX|99XX001242021|J|pi|LAAG|34005|HBO-BA|B|20210901|20220831|J|S|VT|20210915|12|60.0|60.0|ONDERWIJS|BEKOSTIGD|N|B|N||J|J|J
HRD|700000125|800000125|2021|99XX|99XX001252019|J|pi|LAAG|34005|HBO-BA|B|20190901|20200831|J|S|VT|20190915|12|60.0|60.0|ONDERWIJS|BEKOSTIGD|N|B|N||J|J|J
HRD|700000125|800000125|2022|99XX|99XX001252020|J|pi|LAAG|34005|HBO-BA|B|20200901|20210831|J|S|VT|20200915|12|60.0|60.0|ONDERWIJS|BEKOSTIGD|N|B|N||J|J|J
HRD|700000125|800000125|2024|99XX|99XX001252022|N|ng|LAAG|34005|HBO-BA|B|20220901|20230831|J|S|VT|20220915|12|||ONDERWIJS|BEKOSTIGD|N|B|N||J|J|J
HRR|700000125|800000125|2024|99XX|R001252022|J|pg|LAAG|1|34005|HBO-BA|B|J|20220625|VT|20220715|ONDERWIJS|BEKOSTIGD|N|B|N|J||J|J|J
HRD|700000126|800000126|2021|99XX|99XX001262019|J|pd|LAAG|56001|WO-BA|B|20190901|20200831|J|S|VT|20190915|12|60.0|60.0|RECHT|BEKOSTIGD|N|B|N||J|J|J
HRD|700000126|800000126|2023|99XX|99XX001262021|J|pi|LAAG|56001|WO-BA|B|20210901|20220831|J|S|VT|20210915|12|60.0|60.0|RECHT|BEKOSTIGD|N|B|N||J|J|J
HRD|700000126|800000126|2024|99XX|99XX001262022|J|pi|LAAG|56001|WO-BA|B|20220901|20230831|J|S|VT|20220915|12|60.0|60.0|RECHT|BEKOSTIGD|N|B|N||J|J|J
HRD|700000127|800000127|2022|99XX|99XX001272020|J|pi|LAAG|34005|HBO-BA|B|20200901|20210831|J|S|VT|20200915|12|60.0|60.0|ONDERWIJS|BEKOSTIGD|N|B|N||J|J|J
HRD|700000127|800000127|2023|99XX|99XX001272021|J|pi|LAAG|34005|HBO-BA|B|20210901|20220831|J|S|VT|20210915|12|60.0|60.0|ONDERWIJS|BEKOSTIGD|N|B|N||J|J|J
HRD|700000128|800000128|2021|99XX|99XX001282019|J|pi|LAAG|34005|HBO-BA|B|20190901|20200831|J|S|VT|20190915|12|60.0|60.0|ONDERWIJS|BEKOSTIGD|N|B|N||J|J|J
HRD|700000128|800000128|2022|99XX|99XX001282019|N|mv|LAAG|34005|HBO-BA|B|20190901|20200831|J|S|VT|20190915|12|||ONDERWIJS|BEKOSTIGD|N|B|N||J|J|J
HRD|700000128|800000128|2024|99XX|99XX001282022|J|pd|LAAG|34005|HBO-BA|B|20220901|20230831|J|S|VT|20220915|12|60.0|60.0|ONDERWIJS|BEKOSTIGD|N|B|N||J|J|J
HRD|700000129|800000129|2021|99XX|99XX001292019|N|nr|LAAG|34006|HBO-BA|B|20190901|20200831|J|S|VT|20190915|12|||TAAL_EN_CULTUUR|BEKOSTIGD|N|B|N||J|N|J
HRD|700000129|800000129|2023|99XX|99XX001292021|J|pi|LAAG|34006|HBO-BA|B|20210901|20220831|J|S|VT|20210915|12|60.0|60.0|TAAL_EN_CULTUUR|BEKOSTIGD|N|B|N||J|J|J
HRD|700000129|800000129|2024|99XX|99XX001292022|J|pi|LAAG|34006|HBO-BA|B|20220901|20230831|J|S|VT|20220915|12|60.0|60.0|TAAL_EN_CULTUUR|BEKOSTIGD|N|B|N||J|J|J
HRD|700000130|800000130|2022|99XX|99XX001302020|J|pi|HOOG|34004|HBO-MA|M|20200901|20210831|J|S|VT|20200915|12|60.0|60.0|GEZONDHEIDSZORG|BEKOSTIGD|N|M|N||J|J|J
HRD|700000130|800000130|2023|99XX|99XX001302021|N|ti|HOOG|34004|HBO-MA|M|20210901|20220831|J|S|VT|20220301|12|||GEZONDHEIDSZORG|BEKOSTIGD|N|M|N||J|J|J
HRR|700000130|800000130|2024|99XX|R001302022|J|pg|HOOG|1|34004|HBO-MA|M|J|20220625|VT|20220715|GEZONDHEIDSZORG|BEKOSTIGD|N|M|N|J||J|J|J
HRD|700000131|800000131|2021|99XX|99XX001312019|N|jl|LAAG|34003|HBO-AD|A|20190901|20200831|N|S|VT|20190915|12|||ECONOMIE|BEKOSTIGD|N|D|N||J|J|J
HRD|700000131|800000131|2022|99XX|99XX001312020|J|pi|LAAG|34003|HBO-AD|A|20200901|20210831|J|S|VT|20200915|12|60.0|60.0|ECONOMIE|BEKOSTIGD|N|D|N||J|J|J
HRD|700000131|800000131|2024|99XX|99XX001312021|N|mv|LAAG|34003|HBO-AD|A|20210901|20220831|J|S|VT|20210915|12|||ECONOMIE|BEKOSTIGD|N|D|N||J|J|J
HRD|700000133|800000133|2022|99XX|99XX001332020|J|pi|HOOG|34004|HBO-MA|M|20200901|20210831|J|S|VT|20200915|12|60.0|60.0|GEZONDHEIDSZORG|BEKOSTIGD|N|M|N||J|J|J
HRD|700000133|800000133|2023|99XX|99XX001332021|N|nf|HOOG|34004|HBO-MA|M|20210901|20220831|J|S|VT|20210915|12|||GEZONDHEIDSZORG|BEKOSTIGD|N|M|N||J|J|J
HRD|700000134|800000134|2021|99XX|99XX001342019|J|pi|HOOG|34004|HBO-MA|M|20190901|20200831|J|S|VT|20190915|12|60.0|60.0|GEZONDHEIDSZORG|BEKOSTIGD|N|M|N||J|J|J
HRD|700000134|800000134|2022|99XX|99XX001342019|N|mv|HOOG|34004|HBO-MA|M|20190901|20200831|J|S|VT|20190915|12|||GEZONDHEIDSZORG|BEKOSTIGD|N|M|N||J|J|J
HRD|700000134|800000134|2024|99XX|99XX001342022|J|pi|HOOG|34004|HBO-MA|M|20220901|20230831|J|S|VT|20220915|12|60.0|60.0|GEZONDHEIDSZORG|BEKOSTIGD|N|M|N||J|J|J
HRD|700000135|800000135|2021|99XX|99XX001352019|J|pd|LAAG|56002|WO-MA|M|20190901|20200831|J|S|VT|20190915|12|60.0|60.0|GEDRAG_EN_MAATSCHAPPIJ|BEKOSTIGD|N|M|N||J|J|J
HRD|700000135|800000135|2023|99XX|99XX001352021|N|nf|LAAG|56002|WO-MA|M|20210901|20220831|J|S|VT|20210915|12|||GEDRAG_EN_MAATSCHAPPIJ|BEKOSTIGD|N|M|N||J|J|J
HRD|700000135|800000135|2024|99XX|99XX001352022|J|pi|LAAG|56002|WO-MA|M|20220901|20230831|J|S|VT|20220915|12|60.0|60.0|GEDRAG_EN_MAATSCHAPPIJ|BEKOSTIGD|N|M|N||J|J|J
HRR|700000135|800000135|2024|99XX|R001352022|J|pg|LAAG|1|56002|WO-MA|M|J|20220625|VT|20220715|GEDRAG_EN_MAATSCHAPPIJ|BEKOSTIGD|N|M|N|J||J|J|J
HRD|700000136|800000136|2022|99XX|99XX001362020|J|pi|LAAG|56002|WO-MA|M|20200901|20210831|J|S|VT|20200915|12|60.0|60.0|GEDRAG_EN_MAATSCHAPPIJ|BEKOSTIGD|N|M|N||J|J|J
HRD|700000136|800000136|2023|99XX|99XX001362021|N|jl|LAAG|56002|WO-MA|M|20210901|20220831|N|S|VT|20210915|12|||GEDRAG_EN_MAATSCHAPPIJ|BEKOSTIGD|N|M|N||J|J|J
HRD|700000137|800000137|2021|99XX|99XX001372019|J|pi|HOOG|34004|HBO-MA|M|20190901|20200831|J|S|VT|20190915|12|60.0|60.0|GEZONDHEIDSZORG|BEKOSTIGD|N|M|N||J|J|J
HRD|700000137|800000137|2022|99XX|99XX001372020|N|nf|HOOG|34004|HBO-MA|M|20200901|20210831|J|S|VT|20200915|12|||GEZONDHEIDSZORG|BEKOSTIGD|N|M|N||J|J|J
HRD|700000137|800000137|2024|99XX|99XX001372022|N|nr|HOOG|34004|HBO-MA|M|20220901|20230831|J|S|VT|20220915|12|||GEZONDHEIDSZORG|BEKOSTIGD|N|M|N||J|N|J
HRD|700000138|800000138|2021|99XX|99XX001382019|J|pi|LAAG|56001|WO-BA|B|20190901|20200831|J|S|VT|20190915|12|60.0|60.0|RECHT|BEKOSTIGD|N|B|N||J|J|J
HRD|700000138|800000138|2023|99XX|99XX001382021|J|pi|LAAG|56001|WO-BA|B|20210901|20220831|J|S|VT|20210915|12|60.0|60.0|RECHT|BEKOSTIGD|N|B|N||J|J|J
HRD|700000138|800000138|2024|99XX|99XX001382022|J|pi|LAAG|56001|WO-BA|B|20220901|20230831|J|S|VT|20220915|12|60.0|60.0|RECHT|BEKOSTIGD|N|B|N||J|J|J
HRD|700000139|800000139|2022|99XX|99XX001392019|N|mv|HOOG|34001|HBO-BA|B|20190901|20200831|J|S|DT|20190915|12|||TECHNIEK|BEKOSTIGD|N|B|N||J|J|J
HRD|700000139|800000139|2023|99XX|99XX001392021|J|pi|HOOG|34001|HBO-BA|B|20210901|20220831|J|S|DT|20210915|12|60.0|60.0|TECHNIEK|BEKOSTIGD|N|B|N||J|J|J
HRD|700000140|800000140|2021|99XX|99XX001402019|J|pi|LAAG|34002|HBO-BA|B|20190901|20200831|J|S|DT|20190915|12|60.0|60.0|ECONOMIE|BEKOSTIGD|N|B|N||J|J|J
HRD|700000140|800000140|2022|99XX|99XX001402019|N|mv|LAAG|34002|HBO-BA|B|20190901|20200831|J|S|DT|20190915|12|||ECONOMIE|BEKOSTIGD|N|B|N||J|J|J
HRD|700000140|800000140|2024|99XX|99XX001402022|J|pi|LAAG|34002|HBO-BA|B|20220901|20230831|J|S|DT|20220915|12|60.0|60.0|ECONOMIE|BEKOSTIGD|N|B|N||J|J|J
HRR|700000140|800000140|2024|99XX|R001402022|J|pg|LAAG|1|34002|HBO-BA|B|J|20220625|DT|20220715|ECONOMIE|BEKOSTIGD|N|B|N|J||J|J|J
HRD|700000141|800000141|2021|99XX|99XX001412019|N|ti|LAAG|56002|WO-MA|M|20190901|20200831|J|S|VT|20200301|12|||GEDRAG_EN_MAATSCHAPPIJ|BEKOSTIGD|N|M|N||J|J|J
HRD|700000141|800000141|2023|99XX|99XX001412021|J|pi|LAAG|56002|WO-MA|M|20210901|20220831|J|S|VT|20210915|12|60.0|60.0|GEDRAG_EN_MAATSCHAPPIJ|BEKOSTIGD|N|M|N||J|J|J
HRD|700000141|800000141|2024|99XX|99XX001412022|N|ti|LAAG|56002|WO-MA|M|20220901|20230831|J|S|VT|20230301|12|||GEDRAG_EN_MAATSCHAPPIJ|BEKOSTIGD|N|M|N||J|J|J
HRD|700000142|800000142|2022|99XX|99XX001422020|J|pi|LAAG|34002|HBO-BA|B|20200901|20210831|J|S|VT|20200915|12|60.0|60.0|ECONOMIE|BEKOSTIGD|N|B|N||J|J|J
HRD|700000142|800000142|2023|99XX|99XX001422021|J|pi|LAAG|34002|HBO-BA|B|20210901|20220831|J|S|VT|20210915|12|60.0|60.0|ECONOMIE|BEKOSTIGD|N|B|N||J|J|J
HRD|700000143|800000143|2021|99XX|99XX001432019|J|pi|LAAG|34006|HBO-BA|B|20190901|20200831|J|S|DU|20190915|12|60.0|60.0|TAAL_EN_CULTUUR|BEKOSTIGD|N|B|N||J|J|J
HRD|700000143|800000143|2022|99XX|99XX001432020|N|ng|LAAG|34006|HBO-BA|B|20200901|20210831|J|S|DU|20200915|12|||TAAL_EN_CULTUUR|BEKOSTIGD|N|B|N||J|J|J
HRD|700000143|800000143|2024|99XX|99XX001432022|J|pi|LAAG|34006|HBO-BA|B|20220901|20230831|J|S|DU|20220915|12|60.0|60.0|TAAL_EN_CULTUUR|BEKOSTIGD|N|B|N||J|J|J
HRD|700000145|800000145|2022|99XX|99XX001452019|N|mv|LAAG|34003|HBO-AD|A|20190901|20200831|J|S|VT|20190915|12|||ECONOMIE|BEKOSTIGD|N|D|N||J|J|J
HRD|700000145|800000145|2023|99XX|99XX001452021|J|pi|LAAG|34003|HBO-AD|A|20210901|20220831|J|S|VT|20210915|12|60.0|60.0|ECONOMIE|BEKOSTIGD|N|D|N||J|J|J
HRR|700000145|800000145|2024|99XX|R001452022|J|pg|LAAG|1|34003|HBO-AD|A|J|20220625|VT|20220715|ECONOMIE|BEKOSTIGD|N|D|N|J||J|J|J
HRD|700000146|800000146|2021|99XX|99XX001462019|J|pi|LAAG|34005|HBO-BA|B|20190901|20200831|J|S|DT|20190915|12|60.0|60.0|ONDERWIJS|BEKOSTIGD|N|B|N||J|J|J
HRD|700000146|800000146|2022|99XX|99XX001462020|J|pi|LAAG|34005|HBO-BA|B|20200901|20210831|J|S|DT|20200915|12|60.0|60.0|ONDERWIJS|BEKOSTIGD|N|B|N||J|J|J
HRD|700000146|800000146|2024|99XX|99XX001462022|J|pi|LAAG|34005|HBO-BA|B|20220901|20230831|J|S|DT|20220915|12|60.0|60.0|ONDERWIJS|BEKOSTIGD|N|B|N||J|J|J
HRD|700000147|800000147|2021|99XX|99XX001472019|J|pi|LAAG|34005|HBO-BA|B|20190901|20200831|J|S|DT|20190915|12|60.0|60.0|ONDERWIJS|BEKOSTIGD|N|B|N||J|J|J
HRD|700000147|800000147|2023|99XX|99XX001472021|J|pi|LAAG|34005|HBO-BA|B|20210901|20220831|J|S|DT|20210915|12|60.0|60.0|ONDERWIJS|BEKOSTIGD|N|B|N||J|J|J
HRD|700000147|800000147|2024|99XX|99XX001472022|J|pi|LAAG|34005|HBO-BA|B|20220901|20230831|J|S|DT|20220915|12|60.0|60.0|ONDERWIJS|BEKOSTIGD|N|B|N||J|J|J
HRD|700000148|800000148|2022|99XX|99XX001482020|J|pi|HOOG|34004|HBO-MA|M|20200901|20210831|J|S|VT|20200915|12|60.0|60.0|GEZONDHEIDSZORG|BEKOSTIGD|N|M|N||J|J|J
HRD|700000148|800000148|2023|99XX|99XX001482021|J|pi|HOOG|34004|HBO-MA|M|20210901|20220831|J|S|VT|20210915|12|60.0|60.0|GEZONDHEIDSZORG|BEKOSTIGD|N|M|N||J|J|J
HRD|700000149|800000149|2021|99XX|99XX001492019|J|pi|LAAG|34005|HBO-BA|B|20190901|20200831|J|S|VT|20190915|12|60.0|60.0|ONDERWIJS|BEKOSTIGD|N|B|N||J|J|J
HRD|700000149|800000149|2022|99XX|99XX001492020|N|ng|LAAG|34005|HBO-BA|B|20200901|20210831|J|S|VT|20200915|12|||ONDERWIJS|BEKOSTIGD|N|B|N||J|J|J
HRD|700000149|800000149|2024|99XX|99XX001492022|J|pi|LAAG|34005|HBO-BA|B|20220901|20230831|J|S|VT|20220915|12|60.0|60.0|ONDERWIJS|BEKOSTIGD|N|B|N||J|J|J
HRD|700000150|800000150|2021|99XX|99XX001502019|N|ti|LAAG|34002|HBO-BA|B|20190901|20200831|J|S|VT|20200301|12|||ECONOMIE|BEKOSTIGD|N|B|N||J|J|J
HRD|700000150|800000150|2023|99XX|99XX001502021|N|nf|LAAG|34002|HBO-BA|B|20210901|20220831|J|S|VT|20210915|12|||ECONOMIE|BEKOSTIGD|N|B|N||J|J|J
HRD|700000150|800000150|2024|99XX|99XX001502021|N|mv|LAAG|34002|HBO-BA|B|20210901|20220831|J|S|VT|20210915|12|||ECONOMIE|BEKOSTIGD|N|B|N||J|J|J
HRR|700000150|800000150|2024|99XX|R001502022|J|pg|LAAG|1|34002|HBO-BA|B|J|20220625|VT|20220715|ECONOMIE|BEKOSTIGD|N|B|N|J||J|J|J
HRD||800000012|2021|99XX|99XX000122019|J|pi|LAAG|56001|WO-BA|B|20190901|20200831|J|S|VT|20190915|12|60.0|60.0|RECHT|BEKOSTIGD|N|B|N||J|J|J
HRD||800000012|2023|99XX|99XX000122021|J|pi|LAAG|56001|WO-BA|B|20210901|20220831|J|S|VT|20210915|12|60.0|60.0|RECHT|BEKOSTIGD|N|B|N||J|J|J
HRD||800000012|2024|99XX|99XX000122022|J|pi|LAAG|56001|WO-BA|B|20220901|20230831|J|S|VT|20220915|12|60.0|60.0|RECHT|BEKOSTIGD|N|B|N||J|J|J
HRD||800000024|2021|99XX|99XX000242019|N|ti|LAAG|34006|HBO-BA|B|20190901|20200831|J|S|VT|20200301|12|||TAAL_EN_CULTUUR|BEKOSTIGD|N|B|N||J|J|J
HRD||800000024|2023|99XX|99XX000242021|J|pi|LAAG|34006|HBO-BA|B|20210901|20220831|J|S|VT|20210915|12|60.0|60.0|TAAL_EN_CULTUUR|BEKOSTIGD|N|B|N||J|J|J
HRD||800000024|2024|99XX|99XX000242022|N|ti|LAAG|34006|HBO-BA|B|20220901|20230831|J|S|VT|20230301|12|||TAAL_EN_CULTUUR|BEKOSTIGD|N|B|N||J|J|J
HRD||800000036|2021|99XX|99XX000362019|J|pi|LAAG|34005|HBO-BA|B|20190901|20200831|J|S|DU|20190915|12|60.0|60.0|ONDERWIJS|BEKOSTIGD|N|B|N||J|J|J
HRD||800000036|2023|99XX|99XX000362021|J|pi|LAAG|34005|HBO-BA|B|20210901|20220831|J|S|DU|20210915|12|60.0|60.0|ONDERWIJS|BEKOSTIGD|N|B|N||J|J|J
HRD||800000036|2024|99XX|99XX000362022|J|pi|LAAG|34005|HBO-BA|B|20220901|20230831|J|S|DU|20220915|12|60.0|60.0|ONDERWIJS|BEKOSTIGD|N|B|N||J|J|J
HRD||800000048|2021|99XX|99XX000482019|J|pi|LAAG|34006|HBO-BA|B|20190901|20200831|J|S|VT|20190915|12|60.0|60.0|TAAL_EN_CULTUUR|BEKOSTIGD|N|B|N||J|J|J
HRD||800000048|2023|99XX|99XX000482021|J|pi|LAAG|34006|HBO-BA|B|20210901|20220831|J|S|VT|20210915|12|60.0|60.0|TAAL_EN_CULTUUR|BEKOSTIGD|N|B|N||J|J|J
HRD||800000048|2024|99XX|99XX000482022|J|pi|LAAG|34006|HBO-BA|B|20220901|20230831|J|S|VT|20220915|12|60.0|60.0|TAAL_EN_CULTUUR|BEKOSTIGD|N|B|N||J|J|J
HRD||800000060|2021|99XX|99XX000602019|J|pi|LAAG|34002|HBO-BA|B|20190901|20200831|J|S|VT|20190915|12|60.0|60.0|ECONOMIE|BEKOSTIGD|N|B|N||J|J|J
HRD||800000060|2023|99XX|99XX000602021|N|jl|LAAG|34002|HBO-BA|B|20210901|20220831|N|S|VT|20210915|12|||ECONOMIE|BEKOSTIGD|N|B|N||J|J|J
HRD||800000060|2024|99XX|99XX000602022|J|pi|LAAG|34002|HBO-BA|B|20220901|20230831|J|S|VT|20220915|12|60.0|60.0|ECONOMIE|BEKOSTIGD|N|B|N||J|J|J
HRR||800000060|2024|99XX|R000602022|J|pg|LAAG|1|34002|HBO-BA|B|J|20220625|VT|20220715|ECONOMIE|BEKOSTIGD|N|B|N|J||J|J|J
HRD||800000072|2021|99XX|99XX000722019|N|ng|HOOG|34001|HBO-BA|B|20190901|20200831|J|S|VT|20190915|12|||TECHNIEK|BEKOSTIGD|N|B|N||J|J|J
HRD||800000072|2023|99XX|99XX000722021|J|pi|HOOG|34001|HBO-BA|B|20210901|20220831|J|S|VT|20210915|12|60.0|60.0|TECHNIEK|BEKOSTIGD|N|B|N||J|J|J
HRD||800000072|2024|99XX|99XX000722022|J|pi|HOOG|34001|HBO-BA|B|20220901|20230831|J|S|VT|20220915|12|60.0|60.0|TECHNIEK|BEKOSTIGD|N|B|N||J|J|J
HRD||800000084|2021|99XX|99XX000842019|J|pi|LAAG|34005|HBO-BA|B|20190901|20200831|J|S|VT|20190915|12|60.0|60.0|ONDERWIJS|BEKOSTIGD|N|B|N||J|J|J
HRD||800000084|2023|99XX|99XX000842021|J|pi|LAAG|34005|HBO-BA|B|20210901|20220831|J|S|VT|20210915|12|60.0|60.0|ONDERWIJS|BEKOSTIGD|N|B|N||J|J|J
HRD||800000084|2024|99XX|99XX000842022|J|pi|LAAG|34005|HBO-BA|B|20220901|20230831|J|S|VT|20220915|12|60.0|60.0|ONDERWIJS|BEKOSTIGD|N|B|N||J|J|J
HRD||800000096|2021|99XX|99XX000962019|J|pi|LAAG|34003|HBO-AD|A|20190901|20200831|J|S|VT|20190915|12|60.0|60.0|ECONOMIE|BEKOSTIGD|N|D|N||J|J|J
HRD||800000096|2023|99XX|99XX000962021|J|pi|LAAG|34003|HBO-AD|A|20210901|20220831|J|S|VT|20210915|12|60.0|60.0|ECONOMIE|BEKOSTIGD|N|D|N||J|J|J
HRD||800000096|2024|99XX|99XX000962022|J|pi|LAAG|34003|HBO-AD|A|20220901|20230831|J|S|VT|20220915|12|60.0|60.0|ECONOMIE|BEKOSTIGD|N|D|N||J|J|J
HRD||800000108|2021|99XX|99XX001082019|J|pi|HOOG|34004|HBO-MA|M|20190901|20200831|J|S|VT|20190915|12|60.0|60.0|GEZONDHEIDSZORG|BEKOSTIGD|N|M|N||J|J|J
HRD||800000108|2023|99XX|99XX001082021|N|jl|HOOG|34004|HBO-MA|M|20210901|20220831|N|S|VT|20210915|12|||GEZONDHEIDSZORG|BEKOSTIGD|N|M|N||J|J|J
HRD||800000108|2024|99XX|99XX001082022|J|pi|HOOG|34004|HBO-MA|M|20220901|20230831|J|S|VT|20220915|12|60.0|60.0|GEZONDHEIDSZORG|BEKOSTIGD|N|M|N||J|J|J
HRD||800000120|2021|99XX|99XX001202019|J|pi|LAAG|34005|HBO-BA|B|20190901|20200831|J|S|VT|20190915|12|60.0|60.0|ONDERWIJS|BEKOSTIGD|N|B|N||J|J|J
HRD||800000120|2023|99XX|99XX001202021|J|pi|LAAG|34005|HBO-BA|B|20210901|20220831|J|S|VT|20210915|12|60.0|60.0|ONDERWIJS|BEKOSTIGD|N|B|N||J|J|J
HRD||800000120|2024|99XX|99XX001202022|J|pi|LAAG|34005|HBO-BA|B|20220901|20230831|J|S|VT|20220915|12|60.0|60.0|ONDERWIJS|BEKOSTIGD|N|B|N||J|J|J
HRR||800000120|2024|99XX|R001202022|J|pg|LAAG|1|34005|HBO-BA|B|J|20220625|VT|20220715|ONDERWIJS|BEKOSTIGD|N|B|N|J||J|J|J
HRD||800000132|2021|99XX|99XX001322019|J|pi|LAAG|34006|HBO-BA|B|20190901|20200831|J|S|VT|20190915|12|60.0|60.0|TAAL_EN_CULTUUR|BEKOSTIGD|N|B|N||J|J|J
HRD||800000132|2023|99XX|99XX001322020|N|mv|LAAG|34006|HBO-BA|B|20200901|20210831|J|S|VT|20200915|12|||TAAL_EN_CULTUUR|BEKOSTIGD|N|B|N||J|J|J
HRD||800000132|2024|99XX|99XX001322022|J|pi|LAAG|34006|HBO-BA|B|20220901|20230831|J|S|VT|20220915|12|60.0|60.0|TAAL_EN_CULTUUR|BEKOSTIGD|N|B|N||J|J|J
HRD||800000144|2021|99XX|99XX001442019|N|nf|LAAG|56001|WO-BA|B|20190901|20200831|J|S|DT|20190915|12|||RECHT|BEKOSTIGD|N|B|N||J|J|J
HRD||800000144|2023|99XX|99XX001442021|N|na|LAAG|56001|WO-BA|B|20210901|20220831|J|S|DT|20210915|12|||RECHT|BEKOSTIGD|N|B|N||N|J|N
HRD||800000144|2024|99XX|99XX001442022|J|pi|LAAG|56001|WO-BA|B|20220901|20230831|J|S|DT|20220915|12|60.0|60.0|RECHT|BEKOSTIGD|N|B|N||J|J|J
SLR|400|30||||||||||||||||||||||
