VLP|99XX|2026|20250115|||||||||||||||||||||
BLB|700000001|800000001|||||||3|1|-1|2|2|1|0|0|1|2|2|0||||
BRD|700000001|800000001|99XX|99XX000012023|N|mv|HOOG|34001|HBO-BA|B|20230901|20240831|J|S|VT|20230915|12|TECHNIEK|BEKOSTIGD|N|B|N|J|J
BLB|700000002|800000002|||||||2|0|3|3|0|2|2|2|1|3|0|1||||
BRD|700000002|800000002|99XX|99XX000022024|J|pi|LAAG|34003|HBO-AD|A|20240901|20250831|J|S|VT|20240915|12|ECONOMIE|BEKOSTIGD|N|D|N|J|J
BRR|700000002|800000002|99XX|R000022024|N|mt|LAAG|1|34003|HBO-AD|A|J|20241101|VT|20240715|ECONOMIE|BEKOSTIGD|N|D|N|J|J|J|
BLB|700000003|800000003|||||||2|3|1|3|1|2|3|1|2|0|3|1||||
BRD|700000003|800000003|99XX|99XX000032024|J|pi|LAAG|34002|HBO-BA|B|20240901|20250831|J|S|VT|20240915|12|ECONOMIE|BEKOSTIGD|N|B|N|J|J
BLB|700000004|800000004|||||||3|0|0|1|2|1|2|2|2|2|3|2||||
BRD|700000004|800000004|99XX|99XX000042024|J|pi|LAAG|34002|HBO-BA|B|20240901|20250831|J|S|VT|20240915|12|ECONOMIE|BEKOSTIGD|N|B|N|J|J
BRD|700000004|800000004|71AA|71AA000042024|N|ti|LAAG|34002|HBO-BA|B|20240901|20250831|J|S|VT|20250301|12|ECONOMIE|BEKOSTIGD|N|B|N|J|J
BLB|700000005|800000005|||20240625||||1|0|3|2|0|3|1|3|3|1|1|3||||
BRD|700000005|800000005|99XX|99XX000052024|J|pi|HOOG|34001|HBO-BA|B|20240901|20250831|J|S|VT|20240915|12|TECHNIEK|BEKOSTIGD|N|B|N|J|J
BRR|700000005|800000005|99XX|R000052024|J|pg|HOOG|1|34001|HBO-BA|B|J|20240625|VT|20240715|TECHNIEK|BEKOSTIGD|N|B|N|J|J|J|
BLB|700000006|800000006|||||||3|2|3|1|0|0|2|3|2|3|2|1||||
BRD|700000006|800000006|99XX|99XX000062024|J|pi|LAAG|56001|WO-BA|B|20240901|20250831|J|S|VT|20240915|12|RECHT|BEKOSTIGD|N|B|N|J|J
BLB|700000007|800000007|||||||1|1|2|3|1|1|2|2|1|-1|3|2||||
BRD|700000007|800000007|99XX|99XX000072024|J|pi|HOOG|34001|HBO-BA|B|20240901|20250831|J|S|DT|20240915|12|TECHNIEK|BEKOSTIGD|N|B|N|J|J
BLB|700000008|800000008|||||||1|2|1|0|2|2|0|2|0|2|0|1||||
BRD|700000008|800000008|99XX|99XX000082024|J|pi|LAAG|56001|WO-BA|B|20240901|20250831|J|S|VT|20240915|12|RECHT|BEKOSTIGD|N|B|N|J|J
BLB|700000009|800000009|||||||0|-1|3|1|2|3|0|0|0|0|3|3||||
BRD|700000009|800000009|99XX|99XX000092024|J|pi|LAAG|34006|HBO-BA|B|20240901|20250831|J|S|VT|20240915|12|TAAL_EN_CULTUUR|BEKOSTIGD|N|B|N|J|J
BLB|700000010|800000010|||||||0|0|1|1|2|2|3|1|0|0|1|2||||
BRD|700000010|800000010|99XX|99XX000102024|N|na|LAAG|34006|HBO-BA|B|20240901|20250831|J|S|DT|20240915|12|TAAL_EN_CULTUUR|BEKOSTIGD|N|B|N|J|N
BLB|700000011|800000011|||||||2|2|0|0|2|0|0|2|3|3|-1|2||||
BRD|700000011|800000011|99XX|99XX000112024|J|pi|HOOG|34001|HBO-BA|B|20240901|20250831|J|S|VT|20240915|12|TECHNIEK|BEKOSTIGD|N|B|N|J|J
BLB|700000013|800000013|||||||3|0|3|0|3|2|2|2|0|3|0|0||||
BRD|700000013|800000013|99XX|99XX000132024|N|jl|LAAG|34006|HBO-BA|B|20240901|20250831|N|S|VT|20240915|12|TAAL_EN_CULTUUR|BEKOSTIGD|N|B|N|J|J
BLB|700000014|800000014|||20240625||||2|0|2|3|0|1|1|1|1|2|3|3||||
BRD|700000014|800000014|99XX|99XX000142024|N|ng|HOOG|34001|HBO-BA|B|20240901|20250831|J|S|VT|20240915|12|TECHNIEK|BEKOSTIGD|N|B|N|J|J
BRR|700000014|800000014|99XX|R000142024|J|pg|HOOG|1|34001|HBO-BA|B|J|20240625|VT|20240715|TECHNIEK|BEKOSTIGD|N|B|N|J|J|J|
BLB|700000015|800000015|||||||1|3|3|2|3|3|1|0|2|3|3|1||||
BRD|700000015|800000015|99XX|99XX000152024|N|ti|LAAG|34002|HBO-BA|B|20240901|20250831|J|S|DT|20250301|12|ECONOMIE|BEKOSTIGD|N|B|N|J|J
BLB|700000016|800000016|||20240625||||3|1|0|1|1|0|1|2|1|3|-1|1||||
BRD|700000016|800000016|99XX|99XX000162023|N|mv|LAAG|56001|WO-BA|B|20230901|20240831|J|S|VT|20230915|12|RECHT|BEKOSTIGD|N|B|N|J|J
BRR|700000016|800000016|99XX|R000162024|J|pg|LAAG|1|56001|WO-BA|B|J|20240625|VT|20240715|RECHT|BEKOSTIGD|N|B|N|J|J|J|
BLB|700000017|800000017|||||||0|3|1|1|3|3|-1|3|1|1|0|1||||
BRD|700000017|800000017|99XX|99XX000172024|N|ti|LAAG|34006|HBO-BA|B|20240901|20250831|J|S|VT|20250301|12|TAAL_EN_CULTUUR|BEKOSTIGD|N|B|N|J|J
BLB|700000018|800000018|||||||1|2|1|3|3|3|1|3|1|1|2|0||||
BRD|700000018|800000018|99XX|99XX000182024|N|ng|LAAG|34005|HBO-BA|B|20240901|20250831|J|S|VT|20240915|12|ONDERWIJS|BEKOSTIGD|N|B|N|J|J
BLB|700000019|800000019|||||||2|2|-1|0|3|2|0|3|0|1|2|0||||
BRD|700000019|800000019|99XX|99XX000192024|J|pi|LAAG|34002|HBO-BA|B|20240901|20250831|J|S|VT|20240915|12|ECONOMIE|BEKOSTIGD|N|B|N|J|J
BLB|700000020|800000020|||||||3|2|1|3|-1|0|2|2|1|0|2|0||||
BRD|700000020|800000020|99XX|99XX000202024|J|pi|HOOG|34004|HBO-MA|M|20240901|20250831|J|S|VT|20240915|12|GEZONDHEIDSZORG|BEKOSTIGD|N|M|N|J|J
BLB|700000021|800000021|||||||-1|3|3|0|3|2|0|1|1|0|0|3||||
BRD|700000021|800000021|99XX|99XX000212024|J|pi|HOOG|34004|HBO-MA|M|20240901|20250831|J|S|VT|20240915|12|GEZONDHEIDSZORG|BEKOSTIGD|N|M|N|J|J
BRR|700000021|800000021|99XX|R000212024|N|np|HOOG|1|34004|HBO-MA|D|N|20240625|VT|20240715|GEZONDHEIDSZORG|BEKOSTIGD|N|M|N|N|J|J|
BLB|700000022|800000022|||||||2|2|3|2|3|1|2|1|2|1|0|0||||
BRD|700000022|800000022|99XX|99XX000222024|J|pi|HOOG|34001|HBO-BA|B|20240901|20250831|J|S|VT|20240915|12|TECHNIEK|BEKOSTIGD|N|B|N|J|J
BLB|700000023|800000023|||||||0|3|1|0|1|3|1|2|0|-1|0|0||||
BRD|700000023|800000023|99XX|99XX000232024|J|pi|LAAG|34006|HBO-BA|B|20240901|20250831|J|S|VT|20240915|12|TAAL_EN_CULTUUR|BEKOSTIGD|N|B|N|J|J
BRD|700000023|800000023|71AA|71AA000232024|N|nf|LAAG|34006|HBO-BA|B|20240901|20250831|J|S|VT|20240915|12|TAAL_EN_CULTUUR|BEKOSTIGD|N|B|N|J|J
BLB|700000025|800000025|||||||1|0|3|1|0|0|1|1|2|-1|2|3||||
BRD|700000025|800000025|99XX|99XX000252024|N|jl|LAAG|56002|WO-MA|M|20240901|20250831|N|S|VT|20240915|12|GEDRAG_EN_MAATSCHAPPIJ|BEKOSTIGD|N|M|N|J|J
BLB|700000026|800000026|||||||0|1|3|2|0|1|1|3|0|0|3|0||||
BRD|700000026|800000026|99XX|99XX000262024|J|pi|LAAG|34005|HBO-BA|B|20240901|20250831|J|S|VT|20240915|12|ONDERWIJS|BEKOSTIGD|N|B|N|J|J
BLB|700000027|800000027|||||||1|2|0|1|3|1|0|3|3|3|0|3||||
BRD|700000027|800000027|99XX|99XX000272023|N|mv|LAAG|56001|WO-BA|B|20230901|20240831|J|S|VT|20230915|12|RECHT|BEKOSTIGD|N|B|N|J|J
BLB|700000028|800000028|||||||2|2|0|2|3|1|3|3|3|3|1|1||||
BRD|700000028|800000028|99XX|99XX000282024|J|pi|LAAG|34003|HBO-AD|A|20240901|20250831|J|S|VT|20240915|12|ECONOMIE|BEKOSTIGD|N|D|N|J|J
BLB|700000029|800000029|||20240625||||0|3|1|3|-1|1|2|3|0|2|1|2||||
BRD|700000029|800000029|99XX|99XX000292024|J|pi|HOOG|34001|HBO-BA|B|20240901|20250831|J|S|DT|20240915|12|TECHNIEK|BEKOSTIGD|N|B|N|J|J
BRD|700000029|800000029|71AA|71AA000292024|J|pi|HOOG|34001|HBO-BA|B|20240901|20250831|J|S|DT|20240915|12|TECHNIEK|BEKOSTIGD|N|B|N|J|J
BRR|700000029|800000029|99XX|R000292024|J|pg|HOOG|1|34001|HBO-BA|B|J|20240625|DT|20240715|TECHNIEK|BEKOSTIGD|N|B|N|J|J|J|
BLB|700000030|800000030|||||||2|3|2|1|3|1|0|3|3|3|3|3||||
BRD|700000030|800000030|99XX|99XX000302024|J|pi|LAAG|34003|HBO-AD|A|20240901|20250831|J|S|DT|20240915|12|ECONOMIE|BEKOSTIGD|N|D|N|J|J
BLB|700000031|800000031|||||||2|3|3|1|3|1|0|1|2|1|1|1||||
BRD|700000031|800000031|99XX|99XX000312024|N|jl|LAAG|34002|HBO-BA|B|20240901|20250831|N|S|VT|20240915|12|ECONOMIE|BEKOSTIGD|N|B|N|J|J
BLB|700000032|800000032|||||||-1|-1|1|2|3|-1|3|-1|1|3|3|3||||
BRD|700000032|800000032|99XX|99XX000322024|J|pi|LAAG|56002|WO-MA|M|20240901|20250831|J|S|VT|20240915|12|GEDRAG_EN_MAATSCHAPPIJ|BEKOSTIGD|N|M|N|J|J
BLB|700000033|800000033|||||||1|1|1|3|3|2|3|2|1|3|0|1||||
BRD|700000033|800000033|99XX|99XX000332024|J|pi|HOOG|34001|HBO-BA|B|20240901|20250831|J|S|VT|20240915|12|TECHNIEK|BEKOSTIGD|N|B|N|J|J
BRR|700000033|800000033|99XX|R000332024|N|mt|HOOG|1|34001|HBO-BA|B|J|20241101|VT|20240715|TECHNIEK|BEKOSTIGD|N|B|N|J|J|J|
BLB|700000034|800000034|||20240625||||-1|0|0|3|-1|1|1|0|3|0|1|3||||
BRD|700000034|800000034|99XX|99XX000342024|J|pi|LAAG|34005|HBO-BA|B|20240901|20250831|J|S|DT|20240915|12|ONDERWIJS|BEKOSTIGD|N|B|N|J|J
BRR|700000034|800000034|99XX|R000342024|J|pg|LAAG|1|34005|HBO-BA|B|J|20240625|DT|20240715|ONDERWIJS|BEKOSTIGD|N|B|N|J|J|J|
BLB|700000035|800000035|||||||1|-1|1|3|3|3|3|2|1|0|2|0||||
BRD|700000035|800000035|99XX|99XX000352024|N|nr|LAAG|34005|HBO-BA|B|20240901|20250831|J|S|VT|20240915|12|ONDERWIJS|BEKOSTIGD|N|B|N|N|J
BLB|700000037|800000037|||||||1|2|3|1|2|2|3|2|3|3|1|1||||
BRD|700000037|800000037|99XX|99XX000372024|J|pi|LAAG|34002|HBO-BA|B|20240901|20250831|J|S|DT|20240915|12|ECONOMIE|BEKOSTIGD|N|B|N|J|J
BLB|700000038|800000038|||||||2|1|3|-1|0|3|2|1|1|0|2|1||||
BRD|700000038|800000038|99XX|99XX000382024|J|pd|HOOG|34004|HBO-MA|M|20240901|20250831|J|S|VT|20240915|12|GEZONDHEIDSZORG|BEKOSTIGD|N|M|N|J|J
BLB|700000039|800000039|||||||3|3|0|1|2|1|-1|1|3|3|0|0||||
BRD|700000039|800000039|99XX|99XX000392024|J|pi|HOOG|34001|HBO-BA|B|20240901|20250831|J|S|VT|20240915|12|TECHNIEK|BEKOSTIGD|N|B|N|J|J
BLB|700000040|800000040|||||||2|3|1|1|2|1|0|2|1|-1|3|3||||
BRD|700000040|800000040|99XX|99XX000402024|J|pi|LAAG|34002|HBO-BA|B|20240901|20250831|J|S|DU|20240915|12|ECONOMIE|BEKOSTIGD|N|B|N|J|J
BLB|700000041|800000041|||||||1|3|3|2|-1|1|3|0|1|1|1|2||||
BRD|700000041|800000041|99XX|99XX000412024|J|pi|LAAG|34005|HBO-BA|B|20240901|20250831|J|S|VT|20240915|12|ONDERWIJS|BEKOSTIGD|N|B|N|J|J
BLB|700000042|800000042|||||||1|0|1|2|3|3|-1|2|2|2|1|0||||
BRD|700000042|800000042|99XX|99XX000422024|J|pi|LAAG|34002|HBO-BA|B|20240901|20250831|J|S|VT|20240915|12|ECONOMIE|BEKOSTIGD|N|B|N|J|J
BLB|700000043|800000043|||||||1|1|3|1|1|0|1|2|3|3|2|2||||
BRD|700000043|800000043|99XX|99XX000432024|J|pd|LAAG|34002|HBO-BA|B|20240901|20250831|J|S|DU|20240915|12|ECONOMIE|BEKOSTIGD|N|B|N|J|J
BLB|700000044|800000044|||||||3|3|1|0|-1|1|1|0|3|0|3|3||||
BRD|700000044|800000044|99XX|99XX000442024|N|jl|LAAG|34003|HBO-AD|A|20240901|20250831|N|S|VT|20240915|12|ECONOMIE|BEKOSTIGD|N|D|N|J|J
BLB|700000045|800000045|||20240625||||0|0|2|-1|0|2|3|2|3|2|1|3||||
BRD|700000045|800000045|99XX|99XX000452024|J|pi|LAAG|34003|HBO-AD|A|20240901|20250831|J|S|VT|20240915|12|ECONOMIE|BEKOSTIGD|N|D|N|J|J
BRR|700000045|800000045|99XX|R000452024|J|pg|LAAG|1|34003|HBO-AD|A|J|20240625|VT|20240715|ECONOMIE|BEKOSTIGD|N|D|N|J|J|J|
BLB|700000046|800000046|||||||1|2|0|0|3|2|3|3|0|0|-1|3||||
BRD|700000046|800000046|99XX|99XX000462023|N|mv|LAAG|56001|WO-BA|B|20230901|20240831|J|S|DU|20230915|12|RECHT|BEKOSTIGD|N|B|N|J|J
BLB|700000047|800000047|||||||1|-1|2|2|0|2|1|3|2|3|3|0||||
BRD|700000047|800000047|99XX|99XX000472024|J|pi|HOOG|34004|HBO-MA|M|20240901|20250831|J|S|VT|20240915|12|GEZONDHEIDSZORG|BEKOSTIGD|N|M|N|J|J
BRR|700000047|800000047|99XX|R000472024|N|tg|HOOG|1|34004|HBO-MA|M|J|20240625|VT|20241201|GEZONDHEIDSZORG|BEKOSTIGD|N|M|N|J|J|J|
BLB|700000049|800000049|||||||2|1|2|1|2|3|2|0|3|1|1|1||||
BRD|700000049|800000049|99XX|99XX000492024|J|pi|LAAG|34002|HBO-BA|B|20240901|20250831|J|S|VT|20240915|12|ECONOMIE|BEKOSTIGD|N|B|N|J|J
BLB|700000050|800000050|||||||3|1|3|3|1|1|-1|2|0|3|1|1||||
BRD|700000050|800000050|99XX|99XX000502024|J|pi|HOOG|34001|HBO-BA|B|20240901|20250831|J|S|VT|20240915|12|TECHNIEK|BEKOSTIGD|N|B|N|J|J
BRD|700000050|800000050|71AA|71AA000502023|N|mv|HOOG|34001|HBO-BA|B|20230901|20240831|J|S|VT|20230915|12|TECHNIEK|BEKOSTIGD|N|B|N|J|J
BLB|700000051|800000051|||||||2|3|2|2|1|0|1|1|2|0|3|1||||
BRD|700000051|800000051|99XX|99XX000512024|N|jl|HOOG|34004|HBO-MA|M|20240901|20250831|N|S|VT|20240915|12|GEZONDHEIDSZORG|BEKOSTIGD|N|M|N|J|J
BLB|700000052|800000052|||||||0|2|2|1|-1|2|1|0|0|2|3|0||||
BRD|700000052|800000052|99XX|99XX000522024|J|pi|HOOG|34001|HBO-BA|B|20240901|20250831|J|S|VT|20240915|12|TECHNIEK|BEKOSTIGD|N|B|N|J|J
BLB|700000053|800000053|||||||2|3|1|0|0|2|0|1|3|1|2|2||||
BRD|700000053|800000053|99XX|99XX000532024|N|na|LAAG|34006|HBO-BA|B|20240901|20250831|J|S|VT|20240915|12|TAAL_EN_CULTUUR|BEKOSTIGD|N|B|N|J|N
BLB|700000054|800000054|||||||1|1|1|2|2|3|3|2|2|2|2|2||||
BRD|700000054|800000054|99XX|99XX000542024|N|na,ti|LAAG|56002|WO-MA|M|20240901|20250831|J|S|VT|20250301|12|GEDRAG_EN_MAATSCHAPPIJ|BEKOSTIGD|N|M|N|J|N
BLB|700000055|800000055|||||||1|1|1|1|2|0|1|2|3|1|2|0||||
BRD|700000055|800000055|99XX|99XX000552024|J|pi|LAAG|56002|WO-MA|M|20240901|20250831|J|S|VT|20240915|12|GEDRAG_EN_MAATSCHAPPIJ|BEKOSTIGD|N|M|N|J|J
BRR|700000055|800000055|99XX|R000552024|N|nb|LAAG|1|56002|WO-MA|M|J|20240625|VT|20240715|GEDRAG_EN_MAATSCHAPPIJ|BEKOSTIGD|N|M|N|J|J|J|
BLB|700000056|800000056|||||||-1|3|0|1|2|-1|1|3|3|1|3|-1||||
BRD|700000056|800000056|99XX|99XX000562024|N|nr|LAAG|56001|WO-BA|B|20240901|20250831|J|S|VT|20240915|12|RECHT|BEKOSTIGD|N|B|N|N|J
BLB|700000057|800000057|||20240625||||3|2|3|0|0|0|2|1|3|3|3|2||||
BRD|700000057|800000057|99XX|99XX000572024|J|pi|LAAG|56001|WO-BA|B|20240901|20250831|J|S|VT|20240915|12|RECHT|BEKOSTIGD|N|B|N|J|J
BRD|700000057|800000057|71AA|71AA000572024|N|ti|LAAG|56001|WO-BA|B|20240901|20250831|J|S|VT|20250301|12|RECHT|BEKOSTIGD|N|B|N|J|J
BRR|700000057|800000057|99XX|R000572024|J|pg|LAAG|1|56001|WO-BA|B|J|20240625|VT|20240715|RECHT|BEKOSTIGD|N|B|N|J|J|J|
BLB|700000058|800000058|||||||0|0|3|2|3|3|3|0|3|2|0|1||||
BRD|700000058|800000058|99XX|99XX000582023|N|mv|HOOG|34001|HBO-BA|B|20230901|20240831|J|S|VT|20230915|12|TECHNIEK|BEKOSTIGD|N|B|N|J|J
BLB|700000059|800000059|||||||2|1|0|2|1|0|2|1|2|3|2|3||||
BRD|700000059|800000059|99XX|99XX000592024|N|nf|LAAG|34002|HBO-BA|B|20240901|20250831|J|S|VT|20240915|12|ECONOMIE|BEKOSTIGD|N|B|N|J|J
BLB|700000061|800000061|||||||2|2|0|3|3|1|2|0|3|1|3|1||||
BRD|700000061|800000061|99XX|99XX000612024|J|pi|LAAG|56002|WO-MA|M|20240901|20250831|J|S|VT|20240915|12|GEDRAG_EN_MAATSCHAPPIJ|BEKOSTIGD|N|M|N|J|J
BLB|700000062|800000062|||||||2|-1|1|1|0|1|0|2|0|0|0|3||||
BRD|700000062|800000062|99XX|99XX000622024|J|pi|LAAG|56002|WO-MA|M|20240901|20250831|J|S|VT|20240915|12|GEDRAG_EN_MAATSCHAPPIJ|BEKOSTIGD|N|M|N|J|J
BRR|700000062|800000062|99XX|R000622023|N|mu|LAAG|1|56002|WO-MA|M|J|20230625|VT|20230715|GEDRAG_EN_MAATSCHAPPIJ|BEKOSTIGD|N|M|N|J|J|J|
BLB|700000063|800000063|||||||3|3|2|1|0|0|0|1|3|2|2|0||||
BRD|700000063|800000063|99XX|99XX000632024|J|pi|LAAG|56002|WO-MA|M|20240901|20250831|J|S|DT|20240915|12|GEDRAG_EN_MAATSCHAPPIJ|BEKOSTIGD|N|M|N|J|J
BLB|700000064|800000064|||||||3|2|-1|0|2|0|2|-1|2|-1|0|3||||
BRD|700000064|800000064|99XX|99XX000642023|N|mv|LAAG|34002|HBO-BA|B|20230901|20240831|J|S|VT|20230915|12|ECONOMIE|BEKOSTIGD|N|B|N|J|J
BRR|700000064|800000064|99XX|R000642024|N|np|LAAG|1|34002|HBO-BA|D|N|20240625|VT|20240715|ECONOMIE|BEKOSTIGD|N|B|N|N|J|J|
BLB|700000065|800000065|||||||1|-1|0|1|2|2|1|0|0|1|1|1||||
BRD|700000065|800000065|99XX|99XX000652023|N|mv|HOOG|34001|HBO-BA|B|20230901|20240831|J|S|DU|20230915|12|TECHNIEK|BEKOSTIGD|N|B|N|J|J
BLB|700000066|800000066|||||||1|1|-1|1|3|3|1|2|2|0|2|2||||
BRD|700000066|800000066|99XX|99XX000662024|J|pi|HOOG|34004|HBO-MA|M|20240901|20250831|J|S|VT|20240915|12|GEZONDHEIDSZORG|BEKOSTIGD|N|M|N|J|J
BLB|700000067|800000067|||||||0|3|2|2|2|3|1|1|2|2|3|2||||
BRD|700000067|800000067|99XX|99XX000672024|J|pd|HOOG|34004|HBO-MA|M|20240901|20250831|J|S|DT|20240915|12|GEZONDHEIDSZORG|BEKOSTIGD|N|M|N|J|J
BLB|700000068|800000068|||||||1|1|2|0|1|3|1|0|3|-1|3|2||||
BRD|700000068|800000068|99XX|99XX000682024|J|pi|LAAG|34003|HBO-AD|A|20240901|20250831|J|S|VT|20240915|12|ECONOMIE|BEKOSTIGD|N|D|N|J|J
BRR|700000068|800000068|99XX|R000682024|N|np|LAAG|1|34003|HBO-AD|D|N|20240625|VT|20240715|ECONOMIE|BEKOSTIGD|N|D|N|N|J|J|
BLB|700000069|800000069|||20240625||||3|1|2|2|3|3|0|0|0|1|2|0||||
BRD|700000069|800000069|99XX|99XX000692023|N|mv|LAAG|34005|HBO-BA|B|20230901|20240831|J|S|DU|20230915|12|ONDERWIJS|BEKOSTIGD|N|B|N|J|J
BRR|700000069|800000069|99XX|R000692024|J|pg|LAAG|1|34005|HBO-BA|B|J|20240625|DU|20240715|ONDERWIJS|BEKOSTIGD|N|B|N|J|J|J|
BLB|700000070|800000070|||||||0|1|3|3|1|1|1|3|1|1|3|3||||
BRD|700000070|800000070|99XX|99XX000702023|N|mv|LAAG|34005|HBO-BA|B|20230901|20240831|J|S|VT|20230915|12|ONDERWIJS|BEKOSTIGD|N|B|N|J|J
BLB|700000071|800000071|||||||2|3|-1|1|2|3|0|2|1|1|1|1||||
BRD|700000071|800000071|99XX|99XX000712024|J|pi|LAAG|56002|WO-MA|M|20240901|20250831|J|S|VT|20240915|12|GEDRAG_EN_MAATSCHAPPIJ|BEKOSTIGD|N|M|N|J|J
BLB|700000073|800000073|||||||0|3|0|3|2|3|1|0|3|1|2|2||||
BRD|700000073|800000073|99XX|99XX000732024|J|pi|LAAG|34006|HBO-BA|B|20240901|20250831|J|S|VT|20240915|12|TAAL_EN_CULTUUR|BEKOSTIGD|N|B|N|J|J
BRR|700000073|800000073|99XX|R000732024|N|np|LAAG|1|34006|HBO-BA|D|N|20240625|VT|20240715|TAAL_EN_CULTUUR|BEKOSTIGD|N|B|N|N|J|J|
BLB|700000074|800000074|||||||0|0|1|1|1|0|0|2|2|0|3|1||||
BRD|700000074|800000074|99XX|99XX000742024|J|pi|LAAG|34003|HBO-AD|A|20240901|20250831|J|S|VT|20240915|12|ECONOMIE|BEKOSTIGD|N|D|N|J|J
BLB|700000075|800000075|||20240625||||1|1|1|2|0|0|0|3|0|0|0|3||||
BRD|700000075|800000075|99XX|99XX000752024|N|na|LAAG|34003|HBO-AD|A|20240901|20250831|J|S|VT|20240915|12|ECONOMIE|BEKOSTIGD|N|D|N|J|N
BRR|700000075|800000075|99XX|R000752024|J|pg|LAAG|1|34003|HBO-AD|A|J|20240625|VT|20240715|ECONOMIE|BEKOSTIGD|N|D|N|J|J|J|
BLB|700000076|800000076|||20240625||||2|1|0|3|3|0|1|0|1|2|0|1||||
BRD|700000076|800000076|99XX|99XX000762024|J|pi|HOOG|34004|HBO-MA|M|20240901|20250831|J|S|VT|20240915|12|GEZONDHEIDSZORG|BEKOSTIGD|N|M|N|J|J
BRD|700000076|800000076|71AA|71AA000762024|J|pi|HOOG|34004|HBO-MA|M|20240901|20250831|J|S|VT|20240915|12|GEZONDHEIDSZORG|BEKOSTIGD|N|M|N|J|J
BRR|700000076|800000076|99XX|R000762024|J|pg|HOOG|1|34004|HBO-MA|M|J|20240625|VT|20240715|GEZONDHEIDSZORG|BEKOSTIGD|N|M|N|J|J|J|
BLB|700000077|800000077|||||||2|0|3|0|2|0|1|3|3|2|0|2||||
BRD|700000077|800000077|99XX|99XX000772024|J|pi|HOOG|34004|HBO-MA|M|20240901|20250831|J|S|VT|20240915|12|GEZONDHEIDSZORG|BEKOSTIGD|N|M|N|J|J
BRR|700000077|800000077|99XX|R000772024|N|mt|HOOG|1|34004|HBO-MA|M|J|20241101|VT|20240715|GEZONDHEIDSZORG|BEKOSTIGD|N|M|N|J|J|J|
BLB|700000078|800000078|||||||1|2|3|1|3|1|1|0|0|2|-1|0||||
BRD|700000078|800000078|99XX|99XX000782024|J|pi|LAAG|34002|HBO-BA|B|20240901|20250831|J|S|VT|20240915|12|ECONOMIE|BEKOSTIGD|N|B|N|J|J
BRD|700000078|800000078|71AA|71AA000782024|N|na,ti|LAAG|34002|HBO-BA|B|20240901|20250831|J|S|VT|20250301|12|ECONOMIE|BEKOSTIGD|N|B|N|J|N
BLB|700000079|800000079|||||||2|2|0|0|0|3|0|-1|3|3|1|2||||
BRD|700000079|800000079|99XX|99XX000792024|N|ng|LAAG|34006|HBO-BA|B|20240901|20250831|J|S|DU|20240915|12|TAAL_EN_CULTUUR|BEKOSTIGD|N|B|N|J|J
BLB|700000080|800000080|||||||2|3|3|0|3|0|3|1|2|2|0|0||||
BRD|700000080|800000080|99XX|99XX000802024|J|pi|LAAG|34006|HBO-BA|B|20240901|20250831|J|S|VT|20240915|12|TAAL_EN_CULTUUR|BEKOSTIGD|N|B|N|J|J
BLB|700000081|800000081|||||||0|2|1|2|0|1|1|0|1|3|1|2||||
BRD|700000081|800000081|99XX|99XX000812024|J|pi|LAAG|34005|HBO-BA|B|20240901|20250831|J|S|VT|20240915|12|ONDERWIJS|BEKOSTIGD|N|B|N|J|J
BRR|700000081|800000081|99XX|R000812023|N|mu|LAAG|1|34005|HBO-BA|B|J|20230625|VT|20230715|ONDERWIJS|BEKOSTIGD|N|B|N|J|J|J|
BLB|700000082|800000082|||||||0|0|3|3|3|3|0|3|0|0|2|2||||
BRD|700000082|800000082|99XX|99XX000822024|J|pi|LAAG|34002|HBO-BA|B|20240901|20250831|J|S|VT|20240915|12|ECONOMIE|BEKOSTIGD|N|B|N|J|J
BLB|700000083|800000083|||||||2|0|3|2|1|0|1|2|3|0|0|1||||
BRD|700000083|800000083|99XX|99XX000832024|J|pi|LAAG|34002|HBO-BA|B|20240901|20250831|J|S|VT|20240915|12|ECONOMIE|BEKOSTIGD|N|B|N|J|J
BLB|700000085|800000085|||20240625||||1|1|0|1|-1|-1|3|2|0|1|1|1||||
BRD|700000085|800000085|99XX|99XX000852024|J|pi|LAAG|34002|HBO-BA|B|20240901|20250831|J|S|DT|20240915|12|ECONOMIE|BEKOSTIGD|N|B|N|J|J
BRR|700000085|800000085|99XX|R000852024|J|pg|LAAG|1|34002|HBO-BA|B|J|20240625|DT|20240715|ECONOMIE|BEKOSTIGD|N|B|N|J|J|J|
BLB|700000086|800000086|||||||2|0|3|3|0|2|2|0|1|2|0|0||||
BRD|700000086|800000086|99XX|99XX000862024|N|na,ti|LAAG|34003|HBO-AD|A|20240901|20250831|J|S|VT|20250301|12|ECONOMIE|BEKOSTIGD|N|D|N|J|N
BLB|700000087|800000087|||||||1|1|2|1|3|3|0|1|2|3|0|0||||
BRD|700000087|800000087|99XX|99XX000872024|J|pi|LAAG|34005|HBO-BA|B|20240901|20250831|J|S|VT|20240915|12|ONDERWIJS|BEKOSTIGD|N|B|N|J|J
BLB|700000088|800000088|||||||2|2|0|3|3|0|1|2|1|2|1|1||||
BRD|700000088|800000088|99XX|99XX000882024|J|pi|HOOG|34001|HBO-BA|B|20240901|20250831|J|S|VT|20240915|12|TECHNIEK|BEKOSTIGD|N|B|N|J|J
BRR|700000088|800000088|99XX|R000882024|N|mt|HOOG|1|34001|HBO-BA|B|J|20241101|VT|20240715|TECHNIEK|BEKOSTIGD|N|B|N|J|J|J|
BLB|700000089|800000089|||20240625||||3|2|3|1|1|0|1|1|0|1|2|0||||
BRD|700000089|800000089|99XX|99XX000892024|N|nf|LAAG|34002|HBO-BA|B|20240901|20250831|J|S|DU|20240915|12|ECONOMIE|BEKOSTIGD|N|B|N|J|J
BRR|700000089|800000089|99XX|R000892024|J|pg|LAAG|1|34002|HBO-BA|B|J|20240625|DU|20240715|ECONOMIE|BEKOSTIGD|N|B|N|J|J|J|
BLB|700000090|800000090|||||||3|2|-1|2|3|1|3|3|1|2|1|3||||
BRD|700000090|800000090|99XX|99XX000902024|N|na|LAAG|34002|HBO-BA|B|20240901|20250831|J|S|DT|20240915|12|ECONOMIE|BEKOSTIGD|N|B|N|J|N
BLB|700000091|800000091|||||||2|1|2|0|-1|1|2|3|2|1|3|0||||
BRD|700000091|800000091|99XX|99XX000912024|J|pi|LAAG|34003|HBO-AD|A|20240901|20250831|J|S|VT|20240915|12|ECONOMIE|BEKOSTIGD|N|D|N|J|J
BLB|700000092|800000092|||||||0|-1|2|2|1|1|2|1|3|0|1|2||||
BRD|700000092|800000092|99XX|99XX000922024|N|ti|LAAG|34006|HBO-BA|B|20240901|20250831|J|S|VT|20250301|12|TAAL_EN_CULTUUR|BEKOSTIGD|N|B|N|J|J
BLB|700000093|800000093|||||||1|2|1|3|3|3|3|-1|3|-1|3|1||||
BRD|700000093|800000093|99XX|99XX000932024|J|pi|LAAG|34005|HBO-BA|B|20240901|20250831|J|S|VT|20240915|12|ONDERWIJS|BEKOSTIGD|N|B|N|J|J
BLB|700000094|800000094|||20240625||||2|3|3|2|3|3|0|1|0|2|1|3||||
BRD|700000094|800000094|99XX|99XX000942024|N|nf|HOOG|34001|HBO-BA|B|20240901|20250831|J|S|VT|20240915|12|TECHNIEK|BEKOSTIGD|N|B|N|J|J
BRR|700000094|800000094|99XX|R000942024|J|pg|HOOG|1|34001|HBO-BA|B|J|20240625|VT|20240715|TECHNIEK|BEKOSTIGD|N|B|N|J|J|J|
BLB|700000095|800000095|||||||0|2|2|0|1|1|2|1|0|1|0|3||||
BRD|700000095|800000095|99XX|99XX000952024|J|pi|LAAG|34005|HBO-BA|B|20240901|20250831|J|S|VT|20240915|12|ONDERWIJS|BEKOSTIGD|N|B|N|J|J
BRR|700000095|800000095|99XX|R000952023|N|mu|LAAG|1|34005|HBO-BA|B|J|20230625|VT|20230715|ONDERWIJS|BEKOSTIGD|N|B|N|J|J|J|
BLB|700000097|800000097|||||||1|3|1|3|2|0|1|2|0|3|2|3||||
BRD|700000097|800000097|99XX|99XX000972024|J|pi|LAAG|56002|WO-MA|M|20240901|20250831|J|S|VT|20240915|12|GEDRAG_EN_MAATSCHAPPIJ|BEKOSTIGD|N|M|N|J|J
BLB|700000098|800000098|||||||2|1|0|3|0|3|3|2|2|2|1|1||||
BRD|700000098|800000098|99XX|99XX000982024|N|ti|HOOG|34001|HBO-BA|B|20240901|20250831|J|S|VT|20250301|12|TECHNIEK|BEKOSTIGD|N|B|N|J|J
BLB|700000099|800000099|||||||2|2|2|1|0|-1|3|1|2|3|0|2||||
BRD|700000099|800000099|99XX|99XX000992024|J|pi|LAAG|34003|HBO-AD|A|20240901|20250831|J|S|VT|20240915|12|ECONOMIE|BEKOSTIGD|N|D|N|J|J
BLB|700000100|800000100|||||||1|0|3|2|1|3|2|2|3|0|1|3||||
BRD|700000100|800000100|99XX|99XX001002024|J|pi|LAAG|34003|HBO-AD|A|20240901|20250831|J|S|VT|20240915|12|ECONOMIE|BEKOSTIGD|N|D|N|J|J
BLB|700000101|800000101|||||||2|2|0|1|0|3|2|3|-1|2|1|-1||||
BRD|700000101|800000101|99XX|99XX001012024|N|nr|LAAG|34006|HBO-BA|B|20240901|20250831|J|S|DT|20240915|12|TAAL_EN_CULTUUR|BEKOSTIGD|N|B|N|N|J
BRD|700000101|800000101|71AA|71AA001012024|J|pi|LAAG|34006|HBO-BA|B|20240901|20250831|J|S|DT|20240915|12|TAAL_EN_CULTUUR|BEKOSTIGD|N|B|N|J|J
BLB|700000102|800000102|||||||0|2|1|1|2|2|2|2|3|0|1|3||||
BRD|700000102|800000102|99XX|99XX001022024|N|na,ti|HOOG|34001|HBO-BA|B|20240901|20250831|J|S|DT|20250301|12|TECHNIEK|BEKOSTIGD|N|B|N|J|N
BLB|700000103|800000103|||||||-1|3|1|1|0|0|1|2|2|1|1|1||||
BRD|700000103|800000103|99XX|99XX001032024|J|pi|HOOG|34004|HBO-MA|M|20240901|20250831|J|S|VT|20240915|12|GEZONDHEIDSZORG|BEKOSTIGD|N|M|N|J|J
BRR|700000103|800000103|99XX|R001032023|N|mu|HOOG|1|34004|HBO-MA|M|J|20230625|VT|20230715|GEZONDHEIDSZORG|BEKOSTIGD|N|M|N|J|J|J|
BLB|700000104|800000104|||||||3|3|1|3|1|2|1|0|3|-1|0|3||||
BRD|700000104|800000104|99XX|99XX001042024|J|pi|LAAG|56001|WO-BA|B|20240901|20250831|J|S|DU|20240915|12|RECHT|BEKOSTIGD|N|B|N|J|J
BLB|700000105|800000105|||||||3|1|1|2|3|0|1|0|1|0|1|2||||
BRD|700000105|800000105|99XX|99XX001052024|J|pi|HOOG|34004|HBO-MA|M|20240901|20250831|J|S|DT|20240915|12|GEZONDHEIDSZORG|BEKOSTIGD|N|M|N|J|J
BLB|700000106|800000106|||||||2|3|1|2|1|2|1|1|2|0|0|1||||
BRD|700000106|800000106|99XX|99XX001062023|N|mv|LAAG|34003|HBO-AD|A|20230901|20240831|J|S|DT|20230915|12|ECONOMIE|BEKOSTIGD|N|D|N|J|J
BLB|700000107|800000107|||20240625||||1|2|3|0|3|3|3|1|1|0|-1|1||||
BRD|700000107|800000107|99XX|99XX001072024|J|pi|LAAG|34006|HBO-BA|B|20240901|20250831|J|S|DT|20240915|12|TAAL_EN_CULTUUR|BEKOSTIGD|N|B|N|J|J
BRD|700000107|800000107|71AA|71AA001072024|J|pi|LAAG|34006|HBO-BA|B|20240901|20250831|J|S|DT|20240915|12|TAAL_EN_CULTUUR|BEKOSTIGD|N|B|N|J|J
BRR|700000107|800000107|99XX|R001072024|J|pg|LAAG|1|34006|HBO-BA|B|J|20240625|DT|20240715|TAAL_EN_CULTUUR|BEKOSTIGD|N|B|N|J|J|J|
BLB|700000109|800000109|||||||3|-1|1|0|1|0|1|2|2|1|0|2||||
BRD|700000109|800000109|99XX|99XX001092024|N|jl|LAAG|34002|HBO-BA|B|20240901|20250831|N|S|VT|20240915|12|ECONOMIE|BEKOSTIGD|N|B|N|J|J
BLB|700000110|800000110|||||||3|1|0|2|2|2|2|2|2|2|1|3||||
BRD|700000110|800000110|99XX|99XX001102024|J|pi|LAAG|56002|WO-MA|M|20240901|20250831|J|S|VT|20240915|12|GEDRAG_EN_MAATSCHAPPIJ|BEKOSTIGD|N|M|N|J|J
BRD|700000110|800000110|71AA|71AA001102024|N|ng|LAAG|56002|WO-MA|M|20240901|20250831|J|S|VT|20240915|12|GEDRAG_EN_MAATSCHAPPIJ|BEKOSTIGD|N|M|N|J|J
BLB|700000111|800000111|||||||1|1|2|3|0|1|1|0|-1|3|2|2||||
BRD|700000111|800000111|99XX|99XX001112024|J|pd|LAAG|56002|WO-MA|M|20240901|20250831|J|S|VT|20240915|12|GEDRAG_EN_MAATSCHAPPIJ|BEKOSTIGD|N|M|N|J|J
BLB|700000112|800000112|||||||0|2|2|2|0|2|1|2|0|2|2|1||||
BRD|700000112|800000112|99XX|99XX001122024|J|pi|HOOG|34004|HBO-MA|M|20240901|20250831|J|S|VT|20240915|12|GEZONDHEIDSZORG|BEKOSTIGD|N|M|N|J|J
BLB|700000113|800000113|||||||0|3|2|3|-1|0|1|2|2|1|1|0||||
BRD|700000113|800000113|99XX|99XX001132024|N|ng|LAAG|56001|WO-BA|B|20240901|20250831|J|S|VT|20240915|12|RECHT|BEKOSTIGD|N|B|N|J|J
BLB|700000114|800000114|||||||0|2|3|1|3|-1|0|1|1|0|0|2||||
BRD|700000114|800000114|99XX|99XX001142023|N|mv|LAAG|34005|HBO-BA|B|20230901|20240831|J|S|VT|20230915|12|ONDERWIJS|BEKOSTIGD|N|B|N|J|J
BLB|700000115|800000115|||||||1|3|2|0|0|1|0|0|3|0|3|1||||
BRD|700000115|800000115|99XX|99XX001152024|J|pi|LAAG|34006|HBO-BA|B|20240901|20250831|J|S|DU|20240915|12|TAAL_EN_CULTUUR|BEKOSTIGD|N|B|N|J|J
BLB|700000116|800000116|||||||3|3|3|1|2|1|1|1|0|2|0|-1||||
BRD|700000116|800000116|99XX|99XX001162024|J|pi|LAAG|34005|HBO-BA|B|20240901|20250831|J|S|VT|20240915|12|ONDERWIJS|BEKOSTIGD|N|B|N|J|J
BLB|700000117|800000117|||||||3|3|0|3|1|1|2|1|2|0|1|2||||
BRD|700000117|800000117|99XX|99XX001172024|J|pi|LAAG|34005|HBO-BA|B|20240901|20250831|J|S|VT|20240915|12|ONDERWIJS|BEKOSTIGD|N|B|N|J|J
BLB|700000118|800000118|||||||0|1|2|1|3|-1|3|3|2|0|0|3||||
BRD|700000118|800000118|99XX|99XX001182024|J|pi|LAAG|34006|HBO-BA|B|20240901|20250831|J|S|VT|20240915|12|TAAL_EN_CULTUUR|BEKOSTIGD|N|B|N|J|J
BLB|700000119|800000119|||||||1|-1|2|1|0|1|2|0|2|2|0|3||||
BRD|700000119|800000119|99XX|99XX001192024|N|nr|LAAG|34002|HBO-BA|B|20240901|20250831|J|S|VT|20240915|12|ECONOMIE|BEKOSTIGD|N|B|N|N|J
BLB|700000121|800000121|||||||1|1|0|3|-1|0|1|0|1|0|-1|2||||
BRD|700000121|800000121|99XX|99XX001212024|J|pi|HOOG|34004|HBO-MA|M|20240901|20250831|J|S|VT|20240915|12|GEZONDHEIDSZORG|BEKOSTIGD|N|M|N|J|J
BLB|700000122|800000122|||||||2|3|0|3|0|2|2|1|2|2|2|0||||
BRD|700000122|800000122|99XX|99XX001222024|J|pi|LAAG|34006|HBO-BA|B|20240901|20250831|J|S|VT|20240915|12|TAAL_EN_CULTUUR|BEKOSTIGD|N|B|N|J|J
BRD|700000122|800000122|71AA|71AA001222024|J|pi|LAAG|34006|HBO-BA|B|20240901|20250831|J|S|VT|20240915|12|TAAL_EN_CULTUUR|BEKOSTIGD|N|B|N|J|J
BLB|700000123|800000123|||20240625||||3|1|2|1|0|3|1|0|3|1|2|2||||
BRD|700000123|800000123|99XX|99XX001232024|J|pi|LAAG|34002|HBO-BA|B|20240901|20250831|J|S|VT|20240915|12|ECONOMIE|BEKOSTIGD|N|B|N|J|J
BRR|700000123|800000123|99XX|R001232024|J|pg|LAAG|1|34002|HBO-BA|B|J|20240625|VT|20240715|ECONOMIE|BEKOSTIGD|N|B|N|J|J|J|
BLB|700000124|800000124|||||||0|2|3|2|0|1|2|3|3|2|3|0||||
BRD|700000124|800000124|99XX|99XX001242024|J|pi|LAAG|34005|HBO-BA|B|20240901|20250831|J|S|VT|20240915|12|ONDERWIJS|BEKOSTIGD|N|B|N|J|J
BRR|700000124|800000124|99XX|R001242024|N|np|LAAG|1|34005|HBO-BA|D|N|20240625|VT|20240715|ONDERWIJS|BEKOSTIGD|N|B|N|N|J|J|
BLB|700000125|800000125|||||||1|3|3|3|2|0|1|2|2|0|1|3||||
BRD|700000125|800000125|99XX|99XX001252024|J|pi|LAAG|34005|HBO-BA|B|20240901|20250831|J|S|VT|20240915|12|ONDERWIJS|BEKOSTIGD|N|B|N|J|J
BLB|700000126|800000126|||||||2|2|0|2|2|1|3|1|1|3|3|3||||
BRD|700000126|800000126|99XX|99XX001262024|J|pi|LAAG|56001|WO-BA|B|20240901|20250831|J|S|VT|20240915|12|RECHT|BEKOSTIGD|N|B|N|J|J
BLB|700000127|800000127|||||||2|2|1|2|2|0|3|2|3|3|0|1||||
BRD|700000127|800000127|99XX|99XX001272023|N|mv|LAAG|34005|HBO-BA|B|20230901|20240831|J|S|VT|20230915|12|ONDERWIJS|BEKOSTIGD|N|B|N|J|J
BLB|700000128|800000128|||||||3|2|2|0|3|0|3|1|3|1|0|1||||
BRD|700000128|800000128|99XX|99XX001282024|J|pd|LAAG|34005|HBO-BA|B|20240901|20250831|J|S|VT|20240915|12|ONDERWIJS|BEKOSTIGD|N|B|N|J|J
BLB|700000129|800000129|||||||2|2|2|2|2|2|2|1|1|2|2|3||||
BRD|700000129|800000129|99XX|99XX001292024|J|pi|LAAG|34006|HBO-BA|B|20240901|20250831|J|S|VT|20240915|12|TAAL_EN_CULTUUR|BEKOSTIGD|N|B|N|J|J
BLB|700000130|800000130|||||||3|3|1|0|3|3|3|1|0|2|3|1||||
BRD|700000130|800000130|99XX|99XX001302023|N|mv|HOOG|34004|HBO-MA|M|20230901|20240831|J|S|VT|20230915|12|GEZONDHEIDSZORG|BEKOSTIGD|N|M|N|J|J
BLB|700000131|800000131|||||||2|2|0|0|1|3|1|1|2|3|3|0||||
BRD|700000131|800000131|99XX|99XX001312024|N|nr|LAAG|34003|HBO-AD|A|20240901|20250831|J|S|VT|20240915|12|ECONOMIE|BEKOSTIGD|N|D|N|N|J
BLB|700000133|800000133|||||||2|1|1|1|1|1|0|2|0|1|0|2||||
BRD|700000133|800000133|99XX|99XX001332024|J|pi|HOOG|34004|HBO-MA|M|20240901|20250831|J|S|VT|20240915|12|GEZONDHEIDSZORG|BEKOSTIGD|N|M|N|J|J
BRR|700000133|800000133|99XX|R001332024|N|nb|HOOG|1|34004|HBO-MA|M|J|20240625|VT|20240715|GEZONDHEIDSZORG|BEKOSTIGD|N|M|N|J|J|J|
BLB|700000134|800000134|||||||0|0|0|-1|2|3|1|2|3|0|3|3||||
BRD|700000134|800000134|99XX|99XX001342024|J|pi|HOOG|34004|HBO-MA|M|20240901|20250831|J|S|VT|20240915|12|GEZONDHEIDSZORG|BEKOSTIGD|N|M|N|J|J
BLB|700000135|800000135|||||||-1|0|2|3|0|0|3|0|0|0|0|3||||
BRD|700000135|800000135|99XX|99XX001352024|J|pi|LAAG|56002|WO-MA|M|20240901|20250831|J|S|VT|20240915|12|GEDRAG_EN_MAATSCHAPPIJ|BEKOSTIGD|N|M|N|J|J
BRD|700000135|800000135|71AA|71AA001352024|J|pi|LAAG|56002|WO-MA|M|20240901|20250831|J|S|VT|20240915|12|GEDRAG_EN_MAATSCHAPPIJ|BEKOSTIGD|N|M|N|J|J
BRR|700000135|800000135|99XX|R001352024|N|nb|LAAG|1|56002|WO-MA|M|J|20240625|VT|20240715|GEDRAG_EN_MAATSCHAPPIJ|BEKOSTIGD|N|M|N|J|J|J|
BLB|700000136|800000136|||||||3|3|3|3|2|2|0|0|2|-1|2|0||||
BRD|700000136|800000136|99XX|99XX001362023|N|mv|LAAG|56002|WO-MA|M|20230901|20240831|J|S|VT|20230915|12|GEDRAG_EN_MAATSCHAPPIJ|BEKOSTIGD|N|M|N|J|J
BLB|700000137|800000137|||||||1|1|1|1|1|3|3|2|3|1|1|-1||||
BRD|700000137|800000137|99XX|99XX001372024|J|pi|HOOG|34004|HBO-MA|M|20240901|20250831|J|S|VT|20240915|12|GEZONDHEIDSZORG|BEKOSTIGD|N|M|N|J|J
BLB|700000138|800000138|||||||0|2|0|3|1|3|0|2|1|1|1|-1||||
BRD|700000138|800000138|99XX|99XX001382024|N|ti|LAAG|56001|WO-BA|B|20240901|20250831|J|S|VT|20250301|12|RECHT|BEKOSTIGD|N|B|N|J|J
BRR|700000138|800000138|99XX|R001382024|N|mt|LAAG|1|56001|WO-BA|B|J|20241101|VT|20240715|RECHT|BEKOSTIGD|N|B|N|J|J|J|
BLB|700000139|800000139|||||||1|3|0|2|1|1|2|2|-1|-1|2|1||||
BRD|700000139|800000139|99XX|99XX001392024|J|pi|HOOG|34001|HBO-BA|B|20240901|20250831|J|S|DT|20240915|12|TECHNIEK|BEKOSTIGD|N|B|N|J|J
BRR|700000139|800000139|99XX|R001392024|N|nb|HOOG|1|34001|HBO-BA|B|J|20240625|DT|20240715|TECHNIEK|BEKOSTIGD|N|B|N|J|J|J|
BLB|700000140|800000140|||||||3|2|1|1|3|1|3|2|0|3|3|0||||
BRD|700000140|800000140|99XX|99XX001402024|N|ti|LAAG|34002|HBO-BA|B|20240901|20250831|J|S|DT|20250301|12|ECONOMIE|BEKOSTIGD|N|B|N|J|J
BLB|700000141|800000141|||20240625||||0|1|3|0|2|0|1|0|2|0|2|0||||
BRD|700000141|800000141|99XX|99XX001412023|N|mv|LAAG|56002|WO-MA|M|20230901|20240831|J|S|VT|20230915|12|GEDRAG_EN_MAATSCHAPPIJ|BEKOSTIGD|N|M|N|J|J
BRR|700000141|800000141|99XX|R001412024|J|pg|LAAG|1|56002|WO-MA|M|J|20240625|VT|20240715|GEDRAG_EN_MAATSCHAPPIJ|BEKOSTIGD|N|M|N|J|J|J|
BLB|700000142|800000142|||||||1|3|3|1|2|2|2|0|0|1|2|0||||
BRD|700000142|800000142|99XX|99XX001422024|J|pi|LAAG|34002|HBO-BA|B|20240901|20250831|J|S|VT|20240915|12|ECONOMIE|BEKOSTIGD|N|B|N|J|J
BLB|700000143|800000143|||||||3|1|1|0|3|3|2|0|2|2|3|0||||
BRD|700000143|800000143|99XX|99XX001432024|J|pi|LAAG|34006|HBO-BA|B|20240901|20250831|J|S|DU|20240915|12|TAAL_EN_CULTUUR|BEKOSTIGD|N|B|N|J|J
BLB|700000145|800000145|||||||1|-1|2|1|3|1|2|3|1|2|1|0||||
BRD|700000145|800000145|99XX|99XX001452024|J|pi|LAAG|34003|HBO-AD|A|20240901|20250831|J|S|VT|20240915|12|ECONOMIE|BEKOSTIGD|N|D|N|J|J
BLB|700000146|800000146|||20240625||||2|1|3|0|1|2|0|0|3|0|0|1||||
BRD|700000146|800000146|99XX|99XX001462024|J|pi|LAAG|34005|HBO-BA|B|20240901|20250831|J|S|DT|20240915|12|ONDERWIJS|BEKOSTIGD|N|B|N|J|J
BRR|700000146|800000146|99XX|R001462024|J|pg|LAAG|1|34005|HBO-BA|B|J|20240625|DT|20240715|ONDERWIJS|BEKOSTIGD|N|B|N|J|J|J|
BLB|700000147|800000147|||20240625||||3|2|3|0|0|2|0|2|0|1|2|2||||
BRD|700000147|800000147|99XX|99XX001472024|J|pi|LAAG|34005|HBO-BA|B|20240901|20250831|J|S|DT|20240915|12|ONDERWIJS|BEKOSTIGD|N|B|N|J|J
BRR|700000147|800000147|99XX|R001472024|J|pg|LAAG|1|34005|HBO-BA|B|J|20240625|DT|20240715|ONDERWIJS|BEKOSTIGD|N|B|N|J|J|J|
BLB|700000148|800000148|||||||2|1|2|3|2|3|3|1|0|0|1|3||||
BRD|700000148|800000148|99XX|99XX001482024|J|pi|HOOG|34004|HBO-MA|M|20240901|20250831|J|S|VT|20240915|12|GEZONDHEIDSZORG|BEKOSTIGD|N|M|N|J|J
BLB|700000149|800000149|||||||2|1|0|3|2|1|1|1|0|0|3|3||||
BRD|700000149|800000149|99XX|99XX001492024|J|pi|LAAG|34005|HBO-BA|B|20240901|20250831|J|S|VT|20240915|12|ONDERWIJS|BEKOSTIGD|N|B|N|J|J
BRD|700000149|800000149|71AA|71AA001492024|N|nf|LAAG|34005|HBO-BA|B|20240901|20250831|J|S|VT|20240915|12|ONDERWIJS|BEKOSTIGD|N|B|N|J|J
BLB|700000150|800000150|||||||0|0|3|2|0|0|1|3|3|2|-1|3||||
BRD|700000150|800000150|99XX|99XX001502024|J|pd|LAAG|34002|HBO-BA|B|20240901|20250831|J|S|VT|20240915|12|ECONOMIE|BEKOSTIGD|N|B|N|J|J
BRR|700000150|800000150|99XX|R001502023|N|mu|LAAG|1|34002|HBO-BA|B|J|20230625|VT|20230715|ECONOMIE|BEKOSTIGD|N|B|N|J|J|J|
BLB||800000012|||||||2|2|1|1|0|2|3|1|1|0|3|3||||
BRD||800000012|99XX|99XX000122024|J|pi|LAAG|56001|WO-BA|B|20240901|20250831|J|S|VT|20240915|12|RECHT|BEKOSTIGD|N|B|N|J|J
BRR||800000012|99XX|R000122024|N|nb|LAAG|1|56001|WO-BA|B|J|20240625|VT|20240715|RECHT|BEKOSTIGD|N|B|N|J|J|J|
BLB||800000024|||||||0|3|2|0|2|0|3|3|2|2|-1|1||||
BRD||800000024|99XX|99XX000242024|J|pi|LAAG|34006|HBO-BA|B|20240901|20250831|J|S|VT|20240915|12|TAAL_EN_CULTUUR|BEKOSTIGD|N|B|N|J|J
BRD||800000024|71AA|71AA000242024|J|pi|LAAG|34006|HBO-BA|B|20240901|20250831|J|S|VT|20240915|12|TAAL_EN_CULTUUR|BEKOSTIGD|N|B|N|J|J
BLB||800000036|||||||0|0|0|2|3|3|2|2|-1|3|2|0||||
BRD||800000036|99XX|99XX000362024|J|pi|LAAG|34005|HBO-BA|B|20240901|20250831|J|S|DU|20240915|12|ONDERWIJS|BEKOSTIGD|N|B|N|J|J
BRR||800000036|99XX|R000362023|N|mu|LAAG|1|34005|HBO-BA|B|J|20230625|DU|20230715|ONDERWIJS|BEKOSTIGD|N|B|N|J|J|J|
BLB||800000048|||||||2|2|3|3|3|3|-1|0|1|0|0|1||||
BRD||800000048|99XX|99XX000482024|J|pi|LAAG|34006|HBO-BA|B|20240901|20250831|J|S|VT|20240915|12|TAAL_EN_CULTUUR|BEKOSTIGD|N|B|N|J|J
BLB||800000060|||||||0|3|1|3|2|0|1|2|-1|0|3|3||||
BRD||800000060|99XX|99XX000602024|J|pi|LAAG|34002|HBO-BA|B|20240901|20250831|J|S|VT|20240915|12|ECONOMIE|BEKOSTIGD|N|B|N|J|J
BRR||800000060|99XX|R000602024|N|nb|LAAG|1|34002|HBO-BA|B|J|20240625|VT|20240715|ECONOMIE|BEKOSTIGD|N|B|N|J|J|J|
BLB||800000072|||||||1|3|0|1|2|0|1|0|0|1|2|0||||
BRD||800000072|99XX|99XX000722024|J|pi|HOOG|34001|HBO-BA|B|20240901|20250831|J|S|VT|20240915|12|TECHNIEK|BEKOSTIGD|N|B|N|J|J
BRR||800000072|99XX|R000722024|N|np|HOOG|1|34001|HBO-BA|D|N|20240625|VT|20240715|TECHNIEK|BEKOSTIGD|N|B|N|N|J|J|
BLB||800000084|||||||1|3|-1|0|2|0|0|1|3|0|2|-1||||
BRD||800000084|99XX|99XX000842024|N|ng|LAAG|34005|HBO-BA|B|20240901|20250831|J|S|VT|20240915|12|ONDERWIJS|BEKOSTIGD|N|B|N|J|J
BLB||800000096|||||||3|0|1|3|-1|0|1|2|3|3|0|2||||
BRD||800000096|99XX|99XX000962024|J|pi|LAAG|34003|HBO-AD|A|20240901|20250831|J|S|VT|20240915|12|ECONOMIE|BEKOSTIGD|N|D|N|J|J
BLB||800000108|||||||3|2|2|0|2|3|3|0|1|0|3|0||||
BRD||800000108|99XX|99XX001082024|J|pi|HOOG|34004|HBO-MA|M|20240901|20250831|J|S|VT|20240915|12|GEZONDHEIDSZORG|BEKOSTIGD|N|M|N|J|J
BLB||800000120|||||||0|0|1|2|0|1|2|2|2|0|0|3||||
BRD||800000120|99XX|99XX001202024|J|pi|LAAG|34005|HBO-BA|B|20240901|20250831|J|S|VT|20240915|12|ONDERWIJS|BEKOSTIGD|N|B|N|J|J
BLB||800000132|||||||1|3|1|3|0|0|0|0|1|3|3|0||||
BRD||800000132|99XX|99XX001322024|J|pi|LAAG|34006|HBO-BA|B|20240901|20250831|J|S|VT|20240915|12|TAAL_EN_CULTUUR|BEKOSTIGD|N|B|N|J|J
BLB||800000144|||||||0|0|1|0|2|2|2|1|2|2|2|2||||
BRD||800000144|99XX|99XX001442024|J|pi|LAAG|56001|WO-BA|B|20240901|20250831|J|S|DT|20240915|12|RECHT|BEKOSTIGD|N|B|N|J|J
SLR|150|164|42|||||||||||||||||||||
